Service,Case,count
10minutemail,Blocking first party cookies may limit your ability to use the service,1
10minutemail,Your personal data may be sold or otherwise transferred as part of a bankruptcy proceeding or other type of financial transaction,1
10minutemail,Your data may be processed and stored anywhere in the world,1
10minutemail,Your Personal data may be sold unless you opt out,1
10minutemail,Some personal data may be kept for business interests or legal obligations,1
10minutemail,The court of law governing the terms is in a jurisdiction that is less friendly to user privacy protection.,1
10minutemail,The service claims to be CCPA compliant for California users,1
10minutemail,The service claims to be GDPR compliant for European users,1
10minutemail,The service will only respond to government requests that are reasonable,1
10minutemail,"The terms may be changed at any time, but you will receive notification of the changes",1
10minutemail,There is a date of the last update of the agreements,1
10minutemail,Third-party cookies are used for advertising,1
10minutemail,Third-party cookies are used for statistics,1
10minutemail,This service gives your personal data to third parties involved in its operation,1
10minutemail,This service shares your personal data with third parties that are not essential to its operation,1
10minutemail,This service tracks you on other websites,1
10minutemail,"You are tracked via web beacons, tracking pixels, browser fingerprinting, and/or device fingerprinting",1
10minutemail,"You can request access, correction and/or deletion of your data",1
10minutemail,"Your IP address is collected, which can be used to view your approximate location",1
10minutemail,Do Not Track (DNT) headers are ignored and you are tracked anyway even if you set this header.,1
23andMe,This service does not condone any ideas contained in its user-generated contents,1
23andMe,Do Not Track (DNT) headers are ignored and you are tracked anyway even if you set this header.,1
23andMe,"Instead of asking directly, this Service will assume your consent merely from your usage.",1
23andMe,Many different types of personal data are collected,1
23andMe,Some personal data may be kept for business interests or legal obligations,1
23andMe,"The service provider makes no warranty regarding uninterrupted, timely, secure or error-free service",1
23andMe,"The terms may be changed at any time, but you will receive notification of the changes",1
23andMe,Third parties are involved in operating the service,1
23andMe,This service does not guarantee that it or the products obtained through it meet your expectations or requirements,1
23andMe,This service is only available to users over a certain age,1
23andMe,You agree not to use the service for illegal purposes,1
23andMe,"You are prohibited from sending chain letters, junk mail, spam or any unsolicited messages",1
23andMe,You are responsible for maintaining the security of your account and for the activities on your account,1
23andMe,"You are tracked via web beacons, tracking pixels, browser fingerprinting, and/or device fingerprinting",1
23andMe,You can opt out of promotional communications,1
23andMe,You have the right to leave this service at any time,1
23andMe,A complaint mechanism is provided for the handling of personal data,1
23andMe,Your account can be suspended for several reasons,1
23andMe,Your biometric data is collected,1
23andMe,Your personal data is aggregated into statistics,1
ADT,Your profile is combined across various products,1
ADT,Your personal data may be used for marketing purposes,1
ADT,Third-party cookies are used for advertising,1
ADT,This service does not guarantee that it or the products obtained through it meet your expectations or requirements,1
ADT,This service gives your personal data to third parties involved in its operation,1
ADT,This service is only available for use individually and non-commercially.,1
ADT,"This service may collect, use, and share location data",1
ADT,This service tracks which web page referred you to it,1
ADT,"You agree to defend, indemnify, and hold the service harmless in case of a claim related to your use of the service",1
ADT,"You are tracked via web beacons, tracking pixels, browser fingerprinting, and/or device fingerprinting",1
ADT,You can opt out of targeted advertising,1
ADT,"You can request access, correction and/or deletion of your data",1
ADT,"Your IP address is collected, which can be used to view your approximate location",1
ADT,Your account can be deleted without prior notice and without a reason,1
ADT,Your data is processed and stored in a country that is less friendly to user privacy protection,1
ADT,Your personal data is not sold,1
ADT,Your personal data may be disclosed to comply with government requests without notice to you,1
ADT,Your personal data may be sold or otherwise transferred as part of a bankruptcy proceeding or other type of financial transaction,1
ADT,This service assumes no liability for any losses or damages resulting from any matter relating to the service,1
ADT,Third parties used by the service are bound by confidentiality obligations,1
ADT, You are being tracked via social media cookies/pixels,1
ADT,"The terms may be changed at any time, but you will receive notification of the changes",1
ADT,App required for this service requires broad device permissions,1
ADT,Do Not Track (DNT) headers are ignored and you are tracked anyway even if you set this header.,1
ADT,"If you offer suggestions to the service, they become the owner of the ideas that you give them",1
ADT,Information is gathered about you through third parties,1
ADT,Information is provided about how they collect personal data,1
ADT,Information is provided about how your personal data is used,1
ADT,Information is provided about what kind of information they collect,1
ADT,"Instead of asking directly, this Service will assume your consent merely from your usage.",1
ADT,Logs are kept for an undefined period of time,1
ADT,Many different types of personal data are collected,1
ADT,Some personal data may be kept for business interests or legal obligations,1
ADT,The court of law governing the terms is in a jurisdiction that is less friendly to user privacy protection.,1
ADT,The service claims to be GDPR compliant for European users,1
ADT,The service does not guarantee accuracy or reliability of the information provided,1
ADT,The service is provided 'as is' and to be used at your sole risk,1
ASKfm,You have the right to leave this service at any time,1
ASKfm,Your content can be deleted if you violate the terms,1
ASKfm,Your data may be processed and stored anywhere in the world,1
ASKfm,Your personal data is used to employ targeted third-party advertising,1
ASKfm,Your personal data may be sold or otherwise transferred as part of a bankruptcy proceeding or other type of financial transaction,1
ASKfm,very broad,1
ASKfm,"You are tracked via web beacons, tracking pixels, browser fingerprinting, and/or device fingerprinting",1
ASKfm,You are responsible for maintaining the security of your account and for the activities on your account,1
ASKfm,You are informed about the risk of publishing personal info online,1
ASKfm,This service will continue using anonymized user-generated content after erasure of personal information,1
ASKfm,Information is provided about what kind of information they collect,1
ASKfm,Some personal data may be kept for business interests or legal obligations,1
ASKfm,The service does not guarantee accuracy or reliability of the information provided,1
ASKfm,The service has a no refund policy,1
ASKfm,The service informs you that its privacy policy does not apply to third party websites,1
ASKfm,The service is provided 'as is' and to be used at your sole risk,1
ASKfm,The service is transparent regarding government requests or inquiries that may involve your data.,1
ASKfm,"Third party cookies are employed, but with opt out instructions",1
ASKfm,Third-party cookies are used for advertising,1
ASKfm,Third-party cookies are used for statistics,1
ASKfm,This service assumes no liability for any losses or damages resulting from any matter relating to the service,1
ASKfm,This service assumes no responsibility and liability for the contents of links to other websites,1
ASKfm,This service gives your personal data to third parties involved in its operation,1
ASKfm,This service is only available to users over a certain age,1
ASKfm,"This service may collect, use, and share location data",1
ASKfm,First-party cookies are used,1
ASKfm,Do Not Track (DNT) headers are ignored and you are tracked anyway even if you set this header.,1
Ableton,Blocking first party cookies may limit your ability to use the service,1
Ableton, A list of all cookies set by the website is provided,1
Ableton,"Defend, indemnify, hold harmless; survives termination",1
Ableton,"Third party cookies are employed, but with opt out instructions",1
Ableton,Logs are deleted after a finite period of time,1
Ableton,Many third parties are involved in operating the service,1
Ableton,The court of law governing the terms is in location X,1
Ableton,The service claims to be GDPR compliant for European users,1
Ableton,The service is provided 'as is' and to be used at your sole risk,1
Ableton,"The service provider makes no warranty regarding uninterrupted, timely, secure or error-free service",1
Ableton,The terms for this service are translated into different languages,1
Ableton,Third parties used by the service are bound by confidentiality obligations,1
Ableton,This service assumes no liability for any losses or damages resulting from any matter relating to the service,1
Ableton,This service does not guarantee that it or the products obtained through it meet your expectations or requirements,1
Ableton,This service informs you that its Terms of Service does not apply to third party websites,1
Ableton,This service tracks which web page referred you to it,1
Ableton,Tracking cookies refused will not limit your ability to use the service,1
Ableton,"You agree to defend, indemnify, and hold the service harmless in case of a claim related to your use of the service",1
Ableton,"You can request access, correction and/or deletion of your data",1
Ableton,You have the right to leave this service at any time,1
Ableton,You waive your right to a class action.,1
Ableton,"Your IP address is collected, which can be used to view your approximate location",1
Ableton,Your data is processed and stored in a country that is less friendly to user privacy protection,1
Ableton,Your personal data will not be used for an automated decision-making,1
Adobe Services,The court of law governing the terms is in location X,2
Adobe Services,They may stop providing the service at any time,1
Adobe Services,Information is provided about security practices,1
Adobe Services,"Instead of asking directly, this Service will assume your consent merely from your usage.",1
Adobe Services,Invalidity of any portion of the Terms of Service does not entail invalidity of its remainder,1
Adobe Services,Many different types of personal data are collected,1
Adobe Services,The court of law governing the terms is in a jurisdiction that is friendlier to user privacy protection.,1
Adobe Services,The service is provided 'as is' and to be used at your sole risk,1
Adobe Services,There is a date of the last update of the agreements,1
Adobe Services,Third parties are involved in operating the service,1
Adobe Services,Third parties used by the service are bound by confidentiality obligations,1
Adobe Services,Third-party cookies are used for advertising,1
Adobe Services,This service gives your personal data to third parties involved in its operation,1
Adobe Services,This service shares your personal data with third parties that are not essential to its operation,1
Adobe Services,This service tracks which web page referred you to it,1
Adobe Services,This service tracks you on other websites,1
Adobe Services,Two factor authentication is provided for your account,1
Adobe Services,Information is gathered about you through third parties,1
Adobe Services,"If you are the target of a copyright claim, your content may be removed",1
Adobe Services,First-party cookies are used,1
Adobe Services,Failure to enforce any provision of the Terms of Service does not constitute a waiver of such provision,1
Adobe Services, You are being tracked via social media cookies/pixels,1
Adobe Services,A complaint mechanism is provided for the handling of personal data,1
Adobe Services,Any liability on behalf of the service is only limited to the fees you paid as a user,1
Adobe Services,"Defend, indemnify, hold harmless; survives termination",1
Adobe Services,Do Not Track (DNT) headers are ignored and you are tracked anyway even if you set this header.,1
Adobe Services,You are forced into binding arbitration in case of disputes,1
Adobe Services,You are informed about the risk of publishing personal info online,1
Adobe Services,You can opt out of promotional communications,1
Adobe Services,"You can request access, correction and/or deletion of your data",1
Adobe Services,You have the right to leave this service at any time,1
Adobe Services,"You must provide your legal name, pseudonyms are not allowed",1
Adobe Services,You waive your right to a class action.,1
Adobe Services,Your Personal data may be sold unless you opt out,1
Adobe Services,Your account can be deleted without prior notice and without a reason,1
Adobe Services,Your personal data is aggregated into statistics,1
Adobe Services,Your personal data may be disclosed to comply with government requests without notice to you,1
Adobe Services,Your personal data may be sold or otherwise transferred as part of a bankruptcy proceeding or other type of financial transaction,1
Adobe Services,Your profile is combined across various products,1
Adobe Services,Your use is throttled,1
Adventurer's Codex,You can retrieve an archive of your data,1
Adventurer's Codex,This service assumes no responsibility and liability for the contents of links to other websites,1
Adventurer's Codex,"This service may collect, use, and share location data",1
Adventurer's Codex,This service tracks which web page referred you to it,1
Adventurer's Codex,You agree not to use the service for illegal purposes,1
Adventurer's Codex,You agree to indemnify and hold the service harmless in case of a claim related to your use of the service,1
Adventurer's Codex,You can opt out of promotional communications,1
Adventurer's Codex,You can opt out of targeted advertising,1
Adventurer's Codex,You maintain ownership of your content,1
Adventurer's Codex,"You should revisit the terms periodically, although in case of material changes, the service will notify",1
Adventurer's Codex,Your personal data is used to employ targeted third-party advertising,1
Adventurer's Codex,Your personal data may be sold or otherwise transferred as part of a bankruptcy proceeding or other type of financial transaction,1
Adventurer's Codex,Third-party cookies are used for statistics,1
Adventurer's Codex,"Third party cookies are employed, but with opt out instructions",1
Adventurer's Codex,Third parties are involved in operating the service,1
Adventurer's Codex,There is a date of the last update of the agreements,1
Adventurer's Codex,Archives of their agreements are provided so that changes can be viewed over time,1
Adventurer's Codex,Failure to enforce any provision of the Terms of Service does not constitute a waiver of such provision,1
Adventurer's Codex,"If you are the target of a copyright claim, your content may be removed",1
Adventurer's Codex,The court of law governing the terms is in location X,1
Adventurer's Codex,"The service provider makes no warranty regarding uninterrupted, timely, secure or error-free service",1
Airbnb,30 days of notice are given before closing your account,1
Airbnb,Some personal data may be kept for business interests or legal obligations,1
Airbnb,"Spidering, crawling, or accessing the site through any automated means is not allowed",1
Airbnb,There is a date of the last update of the agreements,1
Airbnb,Third-party cookies are used for statistics,1
Airbnb,This service will continue using anonymized user-generated content after erasure of personal information,1
Airbnb,Tracking pixels are used in service-to-user communication,1
Airbnb,Users who have been permanently banned from this service are not allowed to re-register under a new account,1
Airbnb,You agree not to use the service for illegal purposes,1
Airbnb,You are entitled to a refund if certain thresholds or standards are not met by the service,1
Airbnb,Your personal data may be sold or otherwise transferred as part of a bankruptcy proceeding or other type of financial transaction,1
Alibaba,Your use is throttled,1
Alibaba,Your content can be distributed through any media known now or in the future,1
Alibaba,Your content can be licensed to third parties,1
Alibaba,Your data is processed and stored in a country that is less friendly to user privacy protection,1
Alibaba,Your personal data is used for advertising,1
Alibaba,Your personal data is used to employ targeted third-party advertising,1
Alibaba,Your personal data may be used for marketing purposes,1
Alibaba,Your provided identifiable information is actively checked by the service,1
Alibaba,This service does not condone any ideas contained in its user-generated contents,1
Alibaba,Your biometric data is collected,1
Alibaba,"Your IP address is collected, which can be used to view your approximate location",1
Alibaba,You must report to the service any unauthorized use of your account or any breach of security,1
Alibaba,You must provide your identifiable information,1
Alibaba,This service gives your personal data to third parties involved in its operation,1
Alibaba,This service informs you that its Terms of Service does not apply to third party websites,1
Alibaba,This service is only available for commercial use,1
Alibaba,This service shares your personal data with third parties that are not essential to its operation,1
Alibaba,This service tracks which web page referred you to it,1
Alibaba,"You agree not to submit libelous, harassing or threatening content",1
Alibaba,You agree not to use the service for illegal purposes,1
Alibaba,You are informed about the risk of publishing personal info online,1
Alibaba,"You are prohibited from sending chain letters, junk mail, spam or any unsolicited messages",1
Alibaba,"You are responsible for any risks, damages, or losses that may incur by downloading materials",1
Alibaba,You are responsible for maintaining the security of your account and for the activities on your account,1
Alibaba,"You are tracked via web beacons, tracking pixels, browser fingerprinting, and/or device fingerprinting",1
Alibaba,You can opt out of targeted advertising,1
Alibaba,You cannot distribute or disclose your account to third parties,1
Alibaba,You have a reduced time period to take legal action against the service,1
Alibaba,This service does not guarantee that it or the products obtained through it meet your expectations or requirements,1
Alibaba,This service cannot be held responsible for disputes that you may have with other users,1
Alibaba,This service can use your content for all their existing and future services,1
Alibaba,Invalidity of any portion of the Terms of Service does not entail invalidity of its remainder,1
Alibaba,Many different types of personal data are collected,1
Alibaba,Minors must have the authorization of their legal guardians to use the service,1
Alibaba,No guarantee is given regarding quality,1
Alibaba,Specific content can be deleted without reason and may be removed without prior notice,1
Alibaba,The court of law governing the terms is in a jurisdiction that is less friendly to user privacy protection.,1
Alibaba,The posting of pornographic content is prohibited,1
Alibaba,The service claims to be GDPR compliant for European users,1
Alibaba,The service does not guarantee accuracy or reliability of the information provided,1
Alibaba,"The service may keep a secure, anonymized record of your data for analytical purposes even after the data retention period",1
Alibaba,"The service provider makes no warranty regarding uninterrupted, timely, secure or error-free service",1
Alibaba,They store data on you even if you did not interact with the service,1
Alibaba,Third-party cookies are used for advertising,1
Alibaba,Third-party cookies are used for statistics,1
Alibaba,This service assumes no liability for any losses or damages resulting from any matter relating to the service,1
Alibaba,This service assumes no responsibility and liability for the contents of links to other websites,1
Alibaba,Logs are kept for an undefined period of time,1
Alibaba,Information is provided about security practices,1
Alibaba,Information is provided about how your personal data is used,1
Alibaba," Terms may be changed any time at their discretion, without notice to you ",1
Alibaba, You are being tracked via social media cookies/pixels,1
Alibaba,Alternative accounts are not allowed,1
Alibaba,Any liability on behalf of the service is only limited to the fees you paid as a user,1
Alibaba,App required for this service requires broad device permissions,1
Alibaba,Archives of their agreements are provided so that changes can be viewed over time,1
Alibaba,Blocking first party cookies may limit your ability to use the service,1
Alibaba,Content you post may be edited by the service for any reason,1
Alibaba,Failure to enforce any provision of the Terms of Service does not constitute a waiver of such provision,1
Alibaba,First-party cookies are used,1
Alibaba,Information is gathered about you through third parties,1
Alibaba,Information is provided about how they collect personal data,1
Alzforum," Terms may be changed any time at their discretion, without notice to you ",1
Alzforum,A license is kept on user-generated content even after you close your account,1
Alzforum,Content you post may be edited by the service for any reason,1
Alzforum,"If you offer suggestions to the service, they may use that without your approval or compensation, but they do not become the owner",1
Alzforum,Information is provided about how they collect personal data,1
Alzforum,Information is provided about how your personal data is used,1
Alzforum,Information is provided about what kind of information they collect,1
Alzforum,"Instead of asking directly, this Service will assume your consent merely from your usage.",1
Alzforum,Only aggregate data is given to third parties,1
Alzforum,The court of law governing the terms is in location X,1
Alzforum,The service does not guarantee accuracy or reliability of the information provided,1
Alzforum,The service is provided 'as is' and to be used at your sole risk,1
Alzforum,This service assumes no liability for any losses or damages resulting from any matter relating to the service,1
Alzforum,This service gives your personal data to third parties involved in its operation,1
Alzforum,This service is only available for use individually and non-commercially.,1
Alzforum,You agree to indemnify and hold the service harmless in case of a claim related to your use of the service,1
Alzforum,You can opt out of promotional communications,1
Alzforum,"Your IP address is collected, which can be used to view your approximate location",1
Alzforum,Your account can be deleted without prior notice and without a reason,1
Alzforum,Your content can be deleted if you violate the terms,1
Alzforum,Your content can be distributed through any media known now or in the future,1
Alzforum,Your personal data is not sold,1
Amazon,This service gives your personal data to third parties involved in its operation,2
Amazon,This service tracks you on other websites,1
Amazon,You are forced into binding arbitration in case of disputes,1
Amazon,You are responsible for maintaining the security of your account and for the activities on your account,1
Amazon,You can opt out of promotional communications,1
Amazon,You waive your right to a class action.,1
Amazon,Your account can be deleted without prior notice and without a reason,1
Amazon,Your content can be licensed to third parties,1
Amazon,Your personal data may be sold or otherwise transferred as part of a bankruptcy proceeding or other type of financial transaction,1
Amazon,Your personal data may be used for marketing purposes,1
Amazon,Voice data is collected and shared with third-parties,1
Amazon,Third-party cookies are used for advertising,1
Amazon,Third parties are involved in operating the service,1
Amazon," Terms may be changed any time at their discretion, without notice to you ",1
Amazon,Any liability on behalf of the service is only limited to the fees you paid as a user,1
Amazon,Information is provided about what kind of information they collect,1
Amazon,Separate policies are employed for different parts of the service,1
Amazon,The service is provided 'as is' and to be used at your sole risk,1
Amazon AWS,Your content can be licensed to third parties,1
Amazon AWS,Your personal data is not sold,1
Amazon AWS,Your browsing history can be viewed by the service,1
Amazon AWS,Your biometric data is collected,1
Amazon AWS,"Your IP address is collected, which can be used to view your approximate location",1
Amazon AWS,You will be notified about website maintenance,1
Amazon AWS,The terms for this service are easy to read,1
Amazon AWS,The terms for this service are translated into different languages,1
Amazon AWS,Third parties are involved in operating the service,1
Amazon AWS,Third-party cookies are used for advertising,1
Amazon AWS,Third-party cookies are used for statistics,1
Amazon AWS,This service does not guarantee that it or the products obtained through it meet your expectations or requirements,1
Amazon AWS,This service gives your personal data to third parties involved in its operation,1
Amazon AWS,This service holds onto content that you've deleted,1
Amazon AWS,"This service may collect, use, and share location data",1
Amazon AWS,This service receives your precise location through GPS coordinates,1
Amazon AWS,This service tracks which web page referred you to it,1
Amazon AWS,"You are prohibited from sending chain letters, junk mail, spam or any unsolicited messages",1
Amazon AWS,You are responsible for maintaining the security of your account and for the activities on your account,1
Amazon AWS,You can delete your content from this service,1
Amazon AWS,"You should revisit the terms periodically, although in case of material changes, the service will notify",1
Amazon AWS,"The service provider makes no warranty regarding uninterrupted, timely, secure or error-free service",1
Amazon AWS,The service has non-exclusive use of your content,1
Amazon AWS,The service has a no refund policy,1
Amazon AWS,Some personal data may be kept for business interests or legal obligations,1
Amazon AWS,A license is kept on user-generated content even after you close your account,1
Amazon AWS,Any liability on behalf of the service is only limited to the fees you paid as a user,1
Amazon AWS,Blocking first party cookies may limit your ability to use the service,1
Amazon AWS,Extra data may be collected about you through promotions,1
Amazon AWS,Information is gathered about you through third parties,1
Amazon AWS,Information is provided about what kind of information they collect,1
Amazon AWS,Many different types of personal data are collected,1
Amazon Prime Video,Information is gathered about you through third parties,1
Amazon Prime Video,A complaint mechanism is provided for the handling of personal data,1
Amazon Prime Video,Any liability on behalf of the service is only limited to the fees you paid as a user,1
Amazon Prime Video,Archives of their agreements are provided so that changes can be viewed over time,1
Amazon Prime Video,Blocking first party cookies may limit your ability to use the service,1
Amazon Prime Video,First-party cookies are used,1
Amazon Prime Video,Information is provided about how your personal data is used,1
Amazon Prime Video,Information is provided about security practices,1
Amazon Prime Video,Information is provided about what kind of information they collect,1
Amazon Prime Video,Invalidity of any portion of the Terms of Service does not entail invalidity of its remainder,1
Amazon Prime Video,Many different types of personal data are collected,1
Amazon Prime Video,Many third parties are involved in operating the service,1
Amazon Prime Video,The service reviews its privacy policy on a regular basis,1
Amazon Prime Video,Third parties are involved in operating the service,1
Amazon Prime Video,Third-party cookies are used for advertising,1
Amazon Prime Video,"This service may collect, use, and share location data",1
Amazon Prime Video,This service shares your personal data with third parties that are not essential to its operation,1
Amazon Prime Video,This service tracks which web page referred you to it,1
Amazon Prime Video,Your profile is combined across various products,1
Amazon Prime Video,Voice data is collected and shared with third-parties,1
Amazon Prime Video,You agree not to use the service for illegal purposes,1
Amazon Prime Video,You are entitled to a refund if certain thresholds or standards are not met by the service,1
Amazon Prime Video,"You are tracked via web beacons, tracking pixels, browser fingerprinting, and/or device fingerprinting",1
Amazon Prime Video,You can opt out of promotional communications,1
Amazon Prime Video,You can opt out of providing personal information to third parties,1
Amazon Prime Video,"You can request access, correction and/or deletion of your data",1
Amazon Prime Video,"Your IP address is collected, which can be used to view your approximate location",1
Amazon Prime Video,Your biometric data is collected,1
Amazon Prime Video,Your browsing history can be viewed by the service,1
Amazon Prime Video,Your personal data is used to employ targeted third-party advertising,1
Amazon Prime Video,Your personal data may be disclosed to comply with government requests without notice to you,1
Amazon Prime Video,Your personal data may be sold or otherwise transferred as part of a bankruptcy proceeding or other type of financial transaction,1
Amazon Prime Video,Your personal data may be used for marketing purposes,1
Amazon Prime Video,Your private content may be accessed by people working for the service,1
American Red Cross,Invalidity of any portion of the Terms of Service does not entail invalidity of its remainder,1
American Red Cross,The service has non-exclusive use of your content,1
American Red Cross,The service is not responsible for linked or (clearly) quoted content from third-party content providers,1
American Red Cross,There is a date of the last update of the agreements,1
American Red Cross,They may stop providing the service at any time,1
American Red Cross,This service does not condone any ideas contained in its user-generated contents,1
American Red Cross,This service retains rights to your content even after you stop using your account,1
American Red Cross,You agree not to submit illegal content,1
American Red Cross,"You agree to defend, indemnify, and hold the service harmless in case of a claim related to your use of the service",1
American Red Cross,You are prohibited from posting content which promotes violence or politically or religiously extremist values.,1
American Red Cross,You are responsible for maintaining the security of your account and for the activities on your account,1
American Red Cross,"Spidering, crawling, or accessing the site through any automated means is not allowed",1
American Red Cross,"Defend, indemnify, hold harmless; survives termination",1
Amino,There is a date of the last update of the agreements,2
Amino,You are responsible for maintaining the security of your account and for the activities on your account,1
Amino,You can retrieve an archive of your data,1
Amino,You must create an account to use this service,1
Amino,Your personal data is aggregated into statistics,1
Amino,Your personal data may be sold or otherwise transferred as part of a bankruptcy proceeding or other type of financial transaction,1
Amino,"You are prohibited from sending chain letters, junk mail, spam or any unsolicited messages",1
Amino,This service is only available for use individually and non-commercially.,1
Amino,"The terms may be changed at any time, but you will receive notification of the changes",1
Amino,The service promises to inform and/or notify you regarding government inquiries that may involve your personal data,1
Amino,Information is gathered about you through third parties,1
Amino,Minors must have the authorization of their legal guardians to use the service,1
Amino,"Spidering, crawling, or accessing the site through any automated means is not allowed",1
Amino,The service claims to be CCPA compliant for California users,1
Amino,The service informs you that its privacy policy does not apply to third party websites,1
Amnesty International Limited (UK),You can opt out of promotional communications,2
Amnesty International Limited (UK),You can access most of the pages on the service's website without revealing any personal information,1
Amnesty International Limited (UK),"You can request access, correction and/or deletion of your data",1
Amnesty International Limited (UK),Your data may be processed and stored anywhere in the world,1
Amnesty International Limited (UK),Your information is only shared with third parties when given specific consent,1
Amnesty International Limited (UK),Third parties are involved in operating the service,1
Amnesty International Limited (UK),The terms for this service are translated into different languages,1
Amnesty International Limited (UK),The service will resist legal requests for your information where reasonably possible,1
Amnesty International Limited (UK),The service reviews its privacy policy on a regular basis,1
Amnesty International Limited (UK), A list of all cookies set by the website is provided,1
Amnesty International Limited (UK), You are being tracked via social media cookies/pixels,1
Amnesty International Limited (UK),A complaint mechanism is provided for the handling of personal data,1
Amnesty International Limited (UK),Information is provided about how they collect personal data,1
Amnesty International Limited (UK),Information is provided about how your personal data is used,1
Amnesty International Limited (UK),Information is provided about what kind of information they collect,1
Amnesty International Limited (UK),Personal information that is shared outside its jurisdiction is processed according to the original jurisdiction s data protection standards,1
Amnesty International Limited (UK),The data retention period is kept to the minimum necessary for fulfilling its purposes,1
Amnesty International Limited (UK),The service informs you that its privacy policy does not apply to third party websites,1
Amnesty International Limited (UK),"The service may keep a secure, anonymized record of your data for analytical purposes even after the data retention period",1
Anime Music Quiz,Information is provided about what kind of information they collect,1
Anime Music Quiz,Blocking first party cookies may limit your ability to use the service,1
Anime Music Quiz,Information is provided about how they collect personal data,1
Anime Music Quiz,Information is provided about security practices,1
Anime Music Quiz,Instructions are provided on how to submit a copyright claim,1
Anime Music Quiz,"You are tracked via web beacons, tracking pixels, browser fingerprinting, and/or device fingerprinting",1
Anime Music Quiz,Private messages can be read,1
Anime Music Quiz,The court of law governing the terms is in a jurisdiction that is friendlier to user privacy protection.,1
Anime Music Quiz,The service has non-exclusive use of your content,1
Anime Music Quiz,The service informs you that its privacy policy does not apply to third party websites,1
Anime Music Quiz,There is a date of the last update of the agreements,1
Anime Music Quiz,Third parties are involved in operating the service,1
Anime Music Quiz,This service is only available to users over a certain age,1
Anime Music Quiz,Tracking pixels are used in service-to-user communication,1
Anime Music Quiz,"Your IP address is collected, which can be used to view your approximate location",1
Anime Music Quiz,Your personal data is not sold,1
AnonAddy,Your account can be deleted without prior notice and without a reason,1
AnonAddy,Your information is only shared with third parties when given specific consent,1
AnonAddy,Your personal data is not shared with third parties,1
AnonAddy,You have the right to leave this service at any time,1
AnonAddy,"You can request access, correction and/or deletion of your data",1
AnonAddy,You are not being tracked,1
AnonAddy,Two factor authentication is provided for your account,1
AnonAddy," Terms may be changed any time at their discretion, without notice to you ",1
AnonAddy,Features of the website are made available under a free software license,1
AnonAddy,Information is provided about how your personal data is used,1
AnonAddy,Information is provided about security practices,1
AnonAddy,Logs are deleted after a finite period of time,1
AnonAddy,No third-party analytics or tracking platforms are used,1
AnonAddy,Only temporary session cookies are used,1
AnonAddy,The court of law governing the terms is in location X,1
AnonAddy,The service claims to be GDPR compliant for European users,1
AnonAddy,The service is open-source,1
AnonAddy,The service is provided 'as is' and to be used at your sole risk,1
AnonAddy,"The terms may be changed at any time, but you will receive notification of the changes",1
AnonAddy,There is a date of the last update of the agreements,1
AnonAddy,This service assumes no liability for any losses or damages resulting from any matter relating to the service,1
AnonAddy,This service assumes no responsibility and liability for the contents of links to other websites,1
Anydesk,You have the right to leave this service at any time,1
Anydesk,The court of law governing the terms is in a jurisdiction that is friendlier to user privacy protection.,1
Anydesk,Information is provided about security practices,1
Anydesk,Invalidity of any portion of the Terms of Service does not entail invalidity of its remainder,1
Anydesk,No guarantee is given regarding quality,1
Anydesk,"Other applicable rules, terms, conditions or guidelines",1
Anydesk,The service claims to be GDPR compliant for European users,1
Anydesk,The service disables software that you are not licensed to use.,1
Anydesk,The service suspends your account after inactivity for a certain or uncertain time,1
Anydesk,The terms for this service are translated into different languages,1
Anydesk,There is a date of the last update of the agreements,1
Anydesk,Third parties used by the service are bound by confidentiality obligations,1
Anydesk,"When the service wants to make a material change to its terms, you are notified at least 30 days in advance",1
Anydesk,You agree not to use the service for illegal purposes,1
Anydesk,You aren t forced into binding arbitration in case of disputes,1
Anydesk,You must create an account to use this service,1
Anydesk,You will be notified about website maintenance,1
Anydesk,Your data is processed and stored in a country that is friendlier to user privacy protection,1
Anydesk,Your use is throttled,1
Apple Services,You have the right to leave this service at any time,1
Apple Services,Your account can be suspended for several reasons,1
Apple Services,"You can request access, correction and/or deletion of your data",1
Apple Services,You can opt out of targeted advertising,1
Apple Services,You are informed about the risk of publishing personal info online,1
Apple Services,You agree to indemnify and hold the service harmless in case of a claim related to your use of the service,1
Apple Services, The service is only available in some countries approved by its government,1
Apple Services,30 days of notice are given before closing your account,1
Apple Services,A license is kept on user-generated content even after you close your account,1
Apple Services,"Spidering, crawling, or accessing the site through any automated means is not allowed",1
Apple Services,The court of law governing the terms is in location X,1
Apple Services,The data retention period is kept to the minimum necessary for fulfilling its purposes,1
Apple Services,They may stop providing the service at any time,1
Apple Services,This service assumes no responsibility and liability for the contents of links to other websites,1
Apple Services,This service gives your personal data to third parties involved in its operation,1
Apple Services,This service is only available to users over a certain age,1
Apple Services,Voice data is collected and shared with third-parties,1
Apple Services,"When the service wants to make a material change to its terms, you are notified at least 30 days in advance",1
Apple Services,You agree to comply with the law of the service's country,1
Arch Linux,Information is provided about how your personal data is used,1
Arch Linux,A complaint mechanism is provided for the handling of personal data,1
Arch Linux,Alternative accounts are not allowed,1
Arch Linux,Blocking first party cookies may limit your ability to use the service,1
Arch Linux,Features of the website are made available under a free software license,1
Arch Linux,First-party cookies are used,1
Arch Linux,Information is provided about security practices,1
Arch Linux,Information is provided about what kind of information they collect,1
Arch Linux,Many different types of personal data are collected,1
Arch Linux,"Other applicable rules, terms, conditions or guidelines",1
Arch Linux,Political discussions or campaining are prohibited,1
Arch Linux,The service informs you that its privacy policy does not apply to third party websites,1
Arch Linux,The service reviews its privacy policy on a regular basis,1
Arch Linux,The service will only respond to government requests that are reasonable,1
Arch Linux,There is a date of the last update of the agreements,1
Arch Linux,This service assumes no responsibility and liability for the contents of links to other websites,1
Arch Linux,This service receives your precise location through GPS coordinates,1
Arch Linux,This service shares your personal data with third parties that are not essential to its operation,1
Arch Linux,"You agree not to submit libelous, harassing or threatening content",1
Arch Linux,You agree not to use the service for illegal purposes,1
Arch Linux,You are allowed to quote their content with attribution,1
Arch Linux,You are informed about the risk of publishing personal info online,1
Arch Linux,"You are prohibited from sending chain letters, junk mail, spam or any unsolicited messages",1
Arch Linux,You can limit how your information is used by third-parties and the service,1
Arch Linux,You can opt out of providing personal information to third parties,1
Arch Linux,"You can request access, correction and/or deletion of your data",1
Arch Linux,You can retrieve an archive of your data,1
Arch Linux,"Your IP address is collected, which can be used to view your approximate location",1
Arch Linux,Your personal data is aggregated into statistics,1
Archive of Our Own,The service is open-source,1
Archive of Our Own,The terms for this service are easy to read,1
Archive of Our Own,There is a date of the last update of the agreements,1
Archive of Our Own,They may stop providing the service at any time,1
Archive of Our Own,This service does not condone any ideas contained in its user-generated contents,1
Archive of Our Own,This service informs you that its Terms of Service does not apply to third party websites,1
Archive of Our Own,Users who have been permanently banned from this service are not allowed to re-register under a new account,1
Archive of Our Own,You agree not to use the service for illegal purposes,1
Archive of Our Own,You are prohibited from attempting to gain unauthorized access to other computer systems,1
Archive of Our Own,You maintain ownership of your content,1
Archive of Our Own,Your feedback is invited regarding changes to the terms.,1
Archive of Our Own,Your personal data is not sold,1
Archive of Our Own,"The service may keep a secure, anonymized record of your data for analytical purposes even after the data retention period",1
Archive of Our Own,The service does not guarantee accuracy or reliability of the information provided,1
Archive of Our Own,The service can intervene in user disputes,1
Archive of Our Own, The service is only available in some countries approved by its government,1
Archive of Our Own,First-party cookies are used,1
Archive of Our Own,Information is provided about what kind of information they collect,1
Archive of Our Own,The data retention period is kept to the minimum necessary for fulfilling its purposes,1
Artspace,"You agree not to submit libelous, harassing or threatening content",1
Artspace,This service does not condone any ideas contained in its user-generated contents,1
Artspace,This service does not guarantee that it or the products obtained through it meet your expectations or requirements,1
Artspace,This service is only available to users over a certain age,1
Artspace,"This service may collect, use, and share location data",1
Artspace,This service shares your personal data with third parties that are not essential to its operation,1
Artspace,Tracking pixels are used in service-to-user communication,1
Artspace,Users who have been permanently banned from this service are not allowed to re-register under a new account,1
Artspace,You agree not to use the service for illegal purposes,1
Artspace,You have a reduced time period to take legal action against the service,1
Artspace,You agree to comply with the law of the service's country,1
Artspace,"You agree to defend, indemnify, and hold the service harmless in case of a claim related to your use of the service",1
Artspace,You are prohibited from posting content which promotes violence or politically or religiously extremist values.,1
Artspace,"You are prohibited from sending chain letters, junk mail, spam or any unsolicited messages",1
Artspace,"You are responsible for any risks, damages, or losses that may incur by downloading materials",1
Artspace,You are responsible for maintaining the security of your account and for the activities on your account,1
Artspace,You can opt out of promotional communications,1
Artspace,This service assumes no liability for any losses or damages resulting from any matter relating to the service,1
Artspace,Third-party cookies are used for advertising,1
Artspace,Third parties used by the service are bound by confidentiality obligations,1
Artspace,Third parties are not allowed to access your personal information without a legal basis,1
Artspace,Many third parties are involved in operating the service,1
Artspace,"Per the service's terms, you may not express negative opinions about them",1
Artspace,Specific content can be deleted without reason and may be removed without prior notice,1
Artspace,The court of law governing the terms is in a jurisdiction that is less friendly to user privacy protection.,1
Artspace,The court of law governing the terms is in location X,1
Artspace,The posting of pornographic content is prohibited,1
Artspace,The service does not guarantee accuracy or reliability of the information provided,1
Artspace,The service does not guarantee that software errors will be corrected,1
Artspace,The service has non-exclusive use of your content,1
Artspace,The service is not responsible for linked or (clearly) quoted content from third-party content providers,1
Artspace,The service is provided 'as is' and to be used at your sole risk,1
Artspace,"The service provider makes no warranty regarding uninterrupted, timely, secure or error-free service",1
Artspace,There is a date of the last update of the agreements,1
Artspace,They may stop providing the service at any time,1
Artspace,Third parties are involved in operating the service,1
Artspace,You can retrieve an archive of your data,1
Artspace,You waive your right to a class action.,1
Artspace,"Your IP address is collected, which can be used to view your approximate location",1
Artspace,Your account can be deleted without prior notice and without a reason,1
Artspace,Your content can be distributed through any media known now or in the future,1
Artspace,Your data may be processed and stored anywhere in the world,1
Artspace,Your personal data is aggregated into statistics,1
Artspace,Your personal data is used to employ targeted third-party advertising,1
Artspace,Your personal data may be sold or otherwise transferred as part of a bankruptcy proceeding or other type of financial transaction,1
Artspace,Your personal data may be used for marketing purposes,1
Artspace,Your private content may be accessed by people working for the service,1
Artspace,Logs are kept for an undefined period of time,1
Artspace,Invalidity of any portion of the Terms of Service does not entail invalidity of its remainder,1
Artspace,Instructions are provided on how to submit a copyright claim,1
Artspace,Information is provided about security practices,1
Artspace,A license is kept on user-generated content even after you close your account,1
Artspace,Blocking first party cookies may limit your ability to use the service,1
Artspace,Do Not Track (DNT) headers are ignored and you are tracked anyway even if you set this header.,1
Artspace,First-party cookies are used,1
Astronomer,Your data is processed and stored in a country that is less friendly to user privacy protection,1
Astronomer,This service gives your personal data to third parties involved in its operation,1
Astronomer,"When the service wants to make a material change to its terms, you are notified at least 30 days in advance",1
Astronomer,"You are tracked via web beacons, tracking pixels, browser fingerprinting, and/or device fingerprinting",1
Astronomer,You can delete your content from this service,1
Astronomer,You can opt out of targeted advertising,1
Astronomer,You have the right to leave this service at any time,1
Astronomer,Your browser's Do Not Track (DNT) headers are respected,1
Astronomer,Your personal data is aggregated into statistics,1
Astronomer,Your personal data may be disclosed to comply with government requests without notice to you,1
Astronomer,Your personal data may be used for marketing purposes,1
Astronomer,Third-party cookies are used for advertising,1
Astronomer,There is a date of the last update of the agreements,1
Astronomer,The service explains how to prevent disclosure of personal information to third parties,1
Astronomer,The service claims to be GDPR compliant for European users,1
Astronomer,A free help desk is provided,1
Astronomer,Extra data may be collected about you through promotions,1
Astronomer,Information is provided about what kind of information they collect,1
Astronomer,"Instead of asking directly, this Service will assume your consent merely from your usage.",1
Astronomer,Logs are deleted after a finite period of time,1
Astronomer,Some personal data may be kept for business interests or legal obligations,1
Astronomer,The data retention period is kept to the minimum necessary for fulfilling its purposes,1
Atlassian, You are being tracked via social media cookies/pixels,1
Atlassian,Blocking first party cookies may limit your ability to use the service,1
Atlassian,First-party cookies are used,1
Atlassian,Information is provided about how your personal data is used,1
Atlassian,Some personal data may be kept for business interests or legal obligations,1
Atlassian,"Third party cookies are employed, but with opt out instructions",1
Atlassian,Third-party cookies are used for advertising,1
Atlassian,Third-party cookies are used for statistics,1
Atlassian,This service is only available to users over a certain age,1
Atlassian,You are responsible for maintaining the security of your account and for the activities on your account,1
Atlassian,"You are tracked via web beacons, tracking pixels, browser fingerprinting, and/or device fingerprinting",1
Atlassian,You can opt out of promotional communications,1
Audacity,This service assumes no liability for any losses or damages resulting from any matter relating to the service,1
Audacity,The service claims to be GDPR compliant for European users,1
Audacity,The service does not guarantee accuracy or reliability of the information provided,1
Audacity,The service has non-exclusive use of your content,1
Audacity,The service is provided 'as is' and to be used at your sole risk,1
Audacity,There is a date of the last update of the agreements,1
Audacity,They may stop providing the service at any time,1
Audacity,Third parties used by the service are bound by confidentiality obligations,1
Audacity,This service does not guarantee that it or the products obtained through it meet your expectations or requirements,1
Audacity,This service is only available to users over a certain age,1
Audacity,"You agree not to submit libelous, harassing or threatening content",1
Audacity,"You agree to defend, indemnify, and hold the service harmless in case of a claim related to your use of the service",1
Audacity,"You are prohibited from sending chain letters, junk mail, spam or any unsolicited messages",1
Audacity,You can access most of the pages on the service's website without revealing any personal information,1
Audacity,"You can request access, correction and/or deletion of your data",1
Audacity,You have the right to leave this service at any time,1
Audacity,The service claims to be CCPA compliant for California users,1
Audacity,The posting of pornographic content is prohibited,1
Audacity,The court of law governing the terms is in a jurisdiction that is friendlier to user privacy protection.,1
Audacity,Specific content can be deleted without reason and may be removed without prior notice,1
Audacity," Terms may be changed any time at their discretion, without notice to you ",1
Audacity,A license is kept on user-generated content even after you close your account,1
Audacity,Any liability on behalf of the service is only limited to the fees you paid as a user,1
Audacity,Copyright license limited for the purposes of that same service but transferable and sublicenseable,1
Audacity,Features of the website are made available under a free software license,1
Audacity,Information is provided about how your personal data is used,1
Audacity,Information is provided about what kind of information they collect,1
Audacity,"Instead of asking directly, this Service will assume your consent merely from your usage.",1
Audacity,Logs are deleted after a finite period of time,1
Audacity,No need to register,1
Audacity,Promises will be kept after a merger or acquisition,1
Audacity,Service fines users for Terms of Service violations,1
Audacity,You maintain ownership of your content,1
Audacity,You waive your moral rights,1
Audacity,Your account can be suspended for several reasons,1
Audacity,Your data may be processed and stored anywhere in the world,1
Audacity,Your personal data is not sold,1
Audacity,Your personal data is used for limited purposes,1
Australia Post,Your account can be suspended for several reasons,1
Australia Post,Your account can be deleted without prior notice and without a reason,1
Australia Post,30 days of notice are given before closing your account,1
Australia Post,Information is provided about how they collect personal data,1
Australia Post,Information is provided about how your personal data is used,1
Australia Post,Information is provided about what kind of information they collect,1
Australia Post,Personal information that is shared outside its jurisdiction is processed according to the original jurisdiction s data protection standards,1
Australia Post,The court of law governing the terms is in a jurisdiction that is less friendly to user privacy protection.,1
Australia Post,The service does not guarantee accuracy or reliability of the information provided,1
Australia Post,There is a date of the last update of the agreements,1
Australia Post,This service gives your personal data to third parties involved in its operation,1
Australia Post,You are responsible for maintaining the security of your account and for the activities on your account,1
Australia Post,You can opt out of promotional communications,1
Australia Post,"You can request access, correction and/or deletion of your data",1
Australia Post,"You should revisit the terms periodically, although in case of material changes, the service will notify",1
BBC,Your personal data is used to employ targeted third-party advertising,2
BBC,Blocking first party cookies may limit your ability to use the service,1
BBC,Information is provided about what kind of information they collect,1
BBC,The data retention period is kept to the minimum necessary for fulfilling its purposes,1
BBC,The service informs you that its privacy policy does not apply to third party websites,1
BBC,"The service may keep a secure, anonymized record of your data for analytical purposes even after the data retention period",1
BBC,"The terms may be changed at any time, but you will receive notification of the changes",1
BBC,There is a date of the last update of the agreements,1
BBC,You can opt out of promotional communications,1
BBC,You can opt out of targeted advertising,1
BBC,You can retrieve an archive of your data,1
BBC,You have the right to leave this service at any time,1
BBC,You waive your moral rights,1
BBC,"Your IP address is collected, which can be used to view your approximate location",1
BBC,Your personal data is aggregated into statistics,1
BBC,Your personal data may be disclosed to comply with government requests without notice to you,1
BBC,Your profile is combined across various products,1
BBC,First-party cookies are used,1
BFM TV,"You can request access, correction and/or deletion of your data",2
BFM TV,Your personal information is used for many different purposes,1
BFM TV,Your personal data may be used for marketing purposes,1
BFM TV,Your personal data is used for advertising,1
BFM TV,Your content can be deleted if you violate the terms,1
BFM TV,Your account can be suspended for several reasons,1
BFM TV,"Per the service's terms, you may not express negative opinions about them",1
BFM TV,The court of law governing the terms is in location X,1
BFM TV,The posting of pornographic content is prohibited,1
BFM TV,The service claims to be GDPR compliant for European users,1
BFM TV,There is a date of the last update of the agreements,1
BFM TV,Third parties are involved in operating the service,1
BFM TV,Third-party cookies are used for advertising,1
BFM TV,Third-party cookies are used for statistics,1
BFM TV,This service gives your personal data to third parties involved in its operation,1
BFM TV,This service is only available to users over a certain age,1
BFM TV,This service tracks you on other websites,1
BFM TV,"You agree not to submit libelous, harassing or threatening content",1
BFM TV,You are prohibited from attempting to gain unauthorized access to other computer systems,1
BFM TV,You are prohibited from posting content which promotes violence or politically or religiously extremist values.,1
BFM TV,"Your IP address is collected, which can be used to view your approximate location",1
BFM TV,Many third parties are involved in operating the service,1
BFM TV,Many different types of personal data are collected,1
BFM TV,Failure to enforce any provision of the Terms of Service does not constitute a waiver of such provision,1
BFM TV,Alternative accounts are not allowed,1
BandLab,The service is provided 'as is' and to be used at your sole risk,1
BandLab," Terms may be changed any time at their discretion, without notice to you ",1
BandLab,Information is provided about how your personal data is used,1
BandLab,Minors must have the authorization of their legal guardians to use the service,1
BandLab,Personal information that is shared outside its jurisdiction is processed according to the original jurisdiction s data protection standards,1
BandLab,The service can intervene in user disputes,1
BandLab,The service claims to be GDPR compliant for European users,1
BandLab,Third parties used by the service are bound by confidentiality obligations,1
BandLab,Your account can be deleted without prior notice and without a reason,1
BandLab,Third-party cookies are used for statistics,1
BandLab,This service assumes no responsibility and liability for the contents of links to other websites,1
BandLab,This service gives your personal data to third parties involved in its operation,1
BandLab,"You agree to defend, indemnify, and hold the service harmless in case of a claim related to your use of the service",1
BandLab,"You are tracked via web beacons, tracking pixels, browser fingerprinting, and/or device fingerprinting",1
BandLab,"You can request access, correction and/or deletion of your data",1
BandLab,You maintain ownership of your content,1
BandLab,"Your IP address is collected, which can be used to view your approximate location",1
BandLab,Your personal data is used for advertising,1
BandLab,Your personal data is used to employ targeted third-party advertising,1
BandLab,Your personal data may be disclosed to comply with government requests without notice to you,1
BandLab,Your personal data may be sold or otherwise transferred as part of a bankruptcy proceeding or other type of financial transaction,1
BandLab,Your personal data may be used for marketing purposes,1
BandLab,Your personal information is used for many different purposes,1
Bandcamp,Usernames can be rejected or changed for any reason,1
Bandcamp,There is a date of the last update of the agreements,1
Bandcamp,Third parties are involved in operating the service,1
Bandcamp,Third-party cookies are used for statistics,1
Bandcamp,This service assumes no liability for unauthorized access to your personal information,1
Bandcamp,This service does not guarantee that it or the products obtained through it meet your expectations or requirements,1
Bandcamp,This service has a no refund policy with some exceptions,1
Bandcamp,This service is only available to users over a certain age,1
Bandcamp,You agree not to submit illegal content,1
Bandcamp,"You agree not to submit libelous, harassing or threatening content",1
Bandcamp,"You agree to defend, indemnify, and hold the service harmless in case of a claim related to your use of the service",1
Bandcamp,You are forced into binding arbitration in case of disputes,1
Bandcamp,"You are prohibited from sending chain letters, junk mail, spam or any unsolicited messages",1
Bandcamp,You are responsible for maintaining the security of your account and for the activities on your account,1
Bandcamp,You can choose with whom you share content,1
Bandcamp,You can opt out of promotional communications,1
Bandcamp,The service is provided 'as is' and to be used at your sole risk,1
Bandcamp,The service informs you that its privacy policy does not apply to third party websites,1
Bandcamp,The service has non-exclusive use of your content,1
Bandcamp,The service does not guarantee that software errors will be corrected,1
Bandcamp,Archives of their agreements are provided so that changes can be viewed over time,1
Bandcamp,Failure to enforce any provision of the Terms of Service does not constitute a waiver of such provision,1
Bandcamp,"If you are the target of a copyright claim, your content may be removed",1
Bandcamp,Information is gathered about you through third parties,1
Bandcamp,Information is provided about how your personal data is used,1
Bandcamp,Information is provided about security practices,1
Bandcamp,Information is provided about what kind of information they collect,1
Bandcamp,Invalidity of any portion of the Terms of Service does not entail invalidity of its remainder,1
Bandcamp,Specific content can be deleted without reason and may be removed without prior notice,1
Bandcamp,"Spidering, crawling, or accessing the site through any automated means is not allowed",1
Bandcamp,The cookies used by this service do not contain information that would personally identify you,1
Bandcamp,"You can request access, correction and/or deletion of your data",1
Bandcamp,You can retrieve an archive of your data,1
Bandcamp,You have a reduced time period to take legal action against the service,1
Bandcamp,You have the right to leave this service at any time,1
Bandcamp,You maintain ownership of your content,1
Bandcamp,Your content can be distributed through any media known now or in the future,1
Bandcamp,Your personal data is not sold,1
Bandcamp,Your personal data may be sold or otherwise transferred as part of a bankruptcy proceeding or other type of financial transaction,1
Bereal,Many different types of personal data are collected,2
Bereal,Your content can be licensed to third parties,1
Bereal,You have the right to leave this service at any time,1
Bereal,You must create an account to use this service,1
Bereal,You must provide your identifiable information,1
Bereal,"You must provide your legal name, pseudonyms are not allowed",1
Bereal,"Your IP address is collected, which can be used to view your approximate location",1
Bereal,Your account can be deleted without prior notice and without a reason,1
Bereal,Your content can be deleted if you violate the terms,1
Bereal,Your data may be processed and stored anywhere in the world,1
Bereal,Your personal information is used for many different purposes,1
Bereal,Your private content may be accessed by people working for the service,1
Bereal,You cannot distribute or disclose your account to third parties,1
Bereal,You are prohibited from posting content which promotes violence or politically or religiously extremist values.,1
Bereal,You are informed about the risk of publishing personal info online,1
Bereal,You agree not to use the service for illegal purposes,1
Bereal,"Spidering, crawling, or accessing the site through any automated means is not allowed",1
Bereal,The court of law governing the terms is in a jurisdiction that is friendlier to user privacy protection.,1
Bereal,The posting of pornographic content is prohibited,1
Bereal,The service claims to be CCPA compliant for California users,1
Bereal,The service claims to be GDPR compliant for European users,1
Bereal,The service does not guarantee that software errors will be corrected,1
Bereal,The service has non-exclusive use of your content,1
Bereal,The service is provided 'as is' and to be used at your sole risk,1
Bereal,"The terms may be changed at any time, but you will receive notification of the changes",1
Bereal,This service gives your personal data to third parties involved in its operation,1
Bereal,This service receives your precise location through GPS coordinates,1
Binance,First-party cookies are used,1
Binance,Information is provided about how they collect personal data,1
Binance,Information is provided about how your personal data is used,1
Binance,Information is provided about security practices,1
Binance,Information is provided about what kind of information they collect,1
Binance,The court of law governing the terms is in a jurisdiction that is less friendly to user privacy protection.,1
Binance,The service is not responsible for linked or (clearly) quoted content from third-party content providers,1
Binance,Third parties are involved in operating the service,1
Binance,Third-party cookies are used for advertising,1
Binance,This service informs you that its Terms of Service does not apply to third party websites,1
Binance,This service is only available for use individually and non-commercially.,1
Binance,You must report to the service any unauthorized use of your account or any breach of security,1
Binance,"Your IP address is collected, which can be used to view your approximate location",1
Bing,Your personal data may be used for marketing purposes,1
Bing,Your personal data may be sold or otherwise transferred as part of a bankruptcy proceeding or other type of financial transaction,1
Bing,"This service may collect, use, and share location data",1
Bing,This service tracks you on other websites,1
Bing,Tracking pixels are used in service-to-user communication,1
Bing,Voice data is collected and shared with third-parties,1
Bing,You agree not to use the service for illegal purposes,1
Bing,You are forced into binding arbitration in case of disputes,1
Bing,"You are tracked via web beacons, tracking pixels, browser fingerprinting, and/or device fingerprinting",1
Bing,You can delete your content from this service,1
Bing,You can opt out of targeted advertising,1
Bing,You can retrieve an archive of your data,1
Bing,You maintain ownership of your content,1
Bing,"Your IP address is collected, which can be used to view your approximate location",1
Bing,Your browsing history can be viewed by the service,1
Bing,Your data may be processed and stored anywhere in the world,1
Bing,Your personal data is used for advertising,1
Bing,Your personal data is used to employ targeted third-party advertising,1
Bing,This service shares your personal data with third parties that are not essential to its operation,1
Bing,This service gives your personal data to third parties involved in its operation,1
Bing,Third-party cookies are used for statistics,1
Bing, Pseudonyms are allowed,1
Bing, You are being tracked via social media cookies/pixels,1
Bing,Do Not Track (DNT) headers are ignored and you are tracked anyway even if you set this header.,1
Bing,Information is gathered about you through third parties,1
Bing,Information is provided about how your personal data is used,1
Bing,Information is provided about what kind of information they collect,1
Bing,Many different types of personal data are collected,1
Bing,Private messages can be read,1
Bing,Sensitive data is collected and shared to target advertising,1
Bing,The service claims to be GDPR compliant for European users,1
Bing,There is a date of the last update of the agreements,1
BitChute,You have the right to leave this service at any time,1
BitChute,You maintain ownership of your content,1
BitChute,Your account can be deleted without prior notice and without a reason,1
BitChute,Your personal data may be sold or otherwise transferred as part of a bankruptcy proceeding or other type of financial transaction,1
BitChute," Terms may be changed any time at their discretion, without notice to you ",1
BitChute,You are prohibited from posting content which promotes violence or politically or religiously extremist values.,1
BitChute,"You agree to defend, indemnify, and hold the service harmless in case of a claim related to your use of the service",1
BitChute,"You agree not to submit libelous, harassing or threatening content",1
BitChute,This service is only available to users over a certain age,1
BitChute,Copyright license limited for the purposes of that same service but transferable and sublicenseable,1
BitChute,Failure to enforce any provision of the Terms of Service does not constitute a waiver of such provision,1
BitChute,"If you are the target of a copyright claim, your content may be removed",1
BitChute,"If you offer suggestions to the service, they may use that without your approval or compensation, but they do not become the owner",1
BitChute,"Instead of asking directly, this Service will assume your consent merely from your usage.",1
BitChute,Invalidity of any portion of the Terms of Service does not entail invalidity of its remainder,1
BitChute,The court of law governing the terms is in location X,1
BitChute,The posting of pornographic content is prohibited,1
BitChute,The service does not guarantee accuracy or reliability of the information provided,1
BitChute,The service is provided 'as is' and to be used at your sole risk,1
BitChute,"The service provider makes no warranty regarding uninterrupted, timely, secure or error-free service",1
BitChute,They may stop providing the service at any time,1
BitChute,This service assumes no liability for any losses or damages resulting from any matter relating to the service,1
BitChute,This service does not guarantee that it or the products obtained through it meet your expectations or requirements,1
BitChute,This service holds onto content that you've deleted,1
BitChute,Any liability on behalf of the service is only limited to the fees you paid as a user,1
BitDefender,First-party cookies are used,1
BitDefender," Terms may be changed any time at their discretion, without notice to you ",1
BitDefender,A complaint mechanism is provided for the handling of personal data,1
BitDefender,Blocking first party cookies may limit your ability to use the service,1
BitDefender,Information is gathered about you through third parties,1
BitDefender,Information is provided about how they collect personal data,1
BitDefender,Information is provided about how your personal data is used,1
BitDefender,Logs are deleted after a finite period of time,1
BitDefender,Only aggregate data is given to third parties,1
BitDefender,The data retention period is kept to the minimum necessary for fulfilling its purposes,1
BitDefender,Third parties are not allowed to access your personal information without a legal basis,1
BitDefender,Third parties used by the service are bound by confidentiality obligations,1
BitDefender,Third-party cookies are used for advertising,1
BitDefender,Third-party cookies are used for statistics,1
BitDefender,This service tracks which web page referred you to it,1
BitDefender,You are informed about the risk of publishing personal info online,1
BitDefender,You can opt out of promotional communications,1
BitDefender,"You can request access, correction and/or deletion of your data",1
BitDefender,You can retrieve an archive of your data,1
BitDefender,"Your IP address is collected, which can be used to view your approximate location",1
BitDefender,Your personal data is not sold,1
BitDefender,Your personal data is used for limited purposes,1
BitDefender,Your personal data may be used for marketing purposes,1
BitPay,You must report to the service any unauthorized use of your account or any breach of security,1
BitPay,"You should revisit the terms periodically, although in case of material changes, the service will notify",1
BitPay,You waive your right to a class action.,1
BitPay,Your account can be suspended for several reasons,1
BitPay,Your personal data may be disclosed to comply with government requests without notice to you,1
BitPay,You shall not interfere with another person's enjoyment of the service,1
BitPay,You have the right to leave this service at any time,1
BitPay,You cannot distribute or disclose your account to third parties,1
BitPay,The service is provided 'as is' and to be used at your sole risk,1
BitPay,The service suspends your account after inactivity for a certain or uncertain time,1
BitPay,There is a date of the last update of the agreements,1
BitPay,This service assumes no liability for any losses or damages resulting from any matter relating to the service,1
BitPay,This service assumes no liability for unauthorized access to your personal information,1
BitPay,This service assumes no responsibility and liability for the contents of links to other websites,1
BitPay,This service does not guarantee that it or the products obtained through it meet your expectations or requirements,1
BitPay,This service is only available for commercial use,1
BitPay,This service is only available to users over a certain age,1
BitPay,"You agree not to submit libelous, harassing or threatening content",1
BitPay,You agree not to use the service for illegal purposes,1
BitPay,You agree to indemnify and hold the service harmless in case of a claim related to your use of the service,1
BitPay,"You are not allowed to use pseudonyms, as trust and transparency between users regarding their identities is relevant to the service.",1
BitPay,You are prohibited from attempting to gain unauthorized access to other computer systems,1
BitPay,You are prohibited from posting content which promotes violence or politically or religiously extremist values.,1
BitPay,You are responsible for maintaining the security of your account and for the activities on your account,1
BitPay,"The service provider makes no warranty regarding uninterrupted, timely, secure or error-free service",1
BitPay,The service does not guarantee that software errors will be corrected,1
BitPay,The publishing of personally identifiable information without the owner s consent is not allowed,1
BitPay,An anonymous payment method is offered,1
BitPay,Any liability on behalf of the service is only limited to the fees you paid as a user,1
BitPay,Failure to enforce any provision of the Terms of Service does not constitute a waiver of such provision,1
BitPay,Information is provided about security practices,1
BitPay,"Instead of asking directly, this Service will assume your consent merely from your usage.",1
BitPay,Invalidity of any portion of the Terms of Service does not entail invalidity of its remainder,1
BitPay,Some personal data may be kept for business interests or legal obligations,1
BitPay,The court of law governing the terms is in location X,1
Bitwarden,You have the right to leave this service at any time,1
Bitwarden,"You should revisit the terms periodically, although in case of material changes, the service will notify",1
Bitwarden,Your account can be deleted without prior notice and without a reason,1
Bitwarden,Your personal data may be sold or otherwise transferred as part of a bankruptcy proceeding or other type of financial transaction,1
Bitwarden,Your use is throttled,1
Bitwarden,"You are tracked via web beacons, tracking pixels, browser fingerprinting, and/or device fingerprinting",1
Bitwarden,You are responsible for maintaining the security of your account and for the activities on your account,1
Bitwarden,"You are responsible for any risks, damages, or losses that may incur by downloading materials",1
Bitwarden,You are prohibited from attempting to gain unauthorized access to other computer systems,1
Bitwarden,Extra data may be collected about you through promotions,1
Bitwarden,The service does not guarantee accuracy or reliability of the information provided,1
Bitwarden,The service does not guarantee that software errors will be corrected,1
Bitwarden,The service is provided 'as is' and to be used at your sole risk,1
Bitwarden,"The service provider makes no warranty regarding uninterrupted, timely, secure or error-free service",1
Bitwarden,They may stop providing the service at any time,1
Bitwarden,Third-party cookies are used for statistics,1
Bitwarden,This service does not guarantee that it or the products obtained through it meet your expectations or requirements,1
Bitwarden,This service is only available to users over a certain age,1
Bitwarden,Two factor authentication is provided for your account,1
Bitwarden,"You agree to defend, indemnify, and hold the service harmless in case of a claim related to your use of the service",1
BlaBlaCar,Many different types of personal data are collected,1
BlaBlaCar,Alternative accounts are not allowed,1
BlaBlaCar,Extra data may be collected about you through promotions,1
BlaBlaCar,"Per the service's terms, you may not express negative opinions about them",1
BlaBlaCar,Private messages can be read,1
BlaBlaCar,Sensitive data is collected and shared to target advertising,1
BlaBlaCar,The data retention period is kept to the minimum necessary for fulfilling its purposes,1
BlaBlaCar,The service has non-exclusive use of your content,1
BlaBlaCar,Third-party cookies are used for statistics,1
BlaBlaCar,This service gives your personal data to third parties involved in its operation,1
BlaBlaCar,This service shares your personal data with third parties that are not essential to its operation,1
BlaBlaCar,This service tracks which web page referred you to it,1
BlaBlaCar,"You are tracked via web beacons, tracking pixels, browser fingerprinting, and/or device fingerprinting",1
BlaBlaCar,You can opt out of promotional communications,1
BlaBlaCar,You can retrieve an archive of your data,1
BlaBlaCar,You maintain ownership of your content,1
BlaBlaCar,"Your IP address is collected, which can be used to view your approximate location",1
BlaBlaCar,Your content can be deleted if you violate the terms,1
BlaBlaCar,Your content can be distributed through any media known now or in the future,1
BlaBlaCar,Your personal data is used to employ targeted third-party advertising,1
BlaBlaCar,Your profile is combined across various products,1
Blender,"You can request access, correction and/or deletion of your data",1
Blender,Your data is processed and stored in a country that is friendlier to user privacy protection,1
Blender,This service gives your personal data to third parties involved in its operation,1
Blender,Third-party cookies are used for statistics,1
Blender, You are being tracked via social media cookies/pixels,1
Blender,Do Not Track (DNT) headers are ignored and you are tracked anyway even if you set this header.,1
Blender,Features of the website are made available under a free software license,1
Blender,Information is provided about how your personal data is used,1
Blender,Information is provided about what kind of information they collect,1
Blender,No need to register,1
Blender,The service is open-source,1
