Policy_type,Case,count
0,The service is provided 'as is' and to be used at your sole risk,174
0,This service is only available to users over a certain age,143
0,There is a date of the last update of the agreements,142
0,You are responsible for maintaining the security of your account and for the activities on your account,129
0,Your account can be deleted without prior notice and without a reason,129
0,"The service provider makes no warranty regarding uninterrupted, timely, secure or error-free service",122
0,The court of law governing the terms is in location X,120
0,This service assumes no liability for any losses or damages resulting from any matter relating to the service,116
0,"You agree to defend, indemnify, and hold the service harmless in case of a claim related to your use of the service",110
0,You agree not to use the service for illegal purposes,102
0," Terms may be changed any time at their discretion, without notice to you ",95
0,The service does not guarantee accuracy or reliability of the information provided,94
0,This service does not guarantee that it or the products obtained through it meet your expectations or requirements,93
0,Invalidity of any portion of the Terms of Service does not entail invalidity of its remainder,88
0,"You agree not to submit libelous, harassing or threatening content",87
0,"Instead of asking directly, this Service will assume your consent merely from your usage.",84
0,They may stop providing the service at any time,81
0,You maintain ownership of your content,80
0,You have the right to leave this service at any time,80
0,"You are prohibited from sending chain letters, junk mail, spam or any unsolicited messages",79
0,Failure to enforce any provision of the Terms of Service does not constitute a waiver of such provision,76
0,"Spidering, crawling, or accessing the site through any automated means is not allowed",70
0,You are forced into binding arbitration in case of disputes,69
0,You waive your right to a class action.,69
0,Any liability on behalf of the service is only limited to the fees you paid as a user,66
0,This service is only available for use individually and non-commercially.,63
0,You must report to the service any unauthorized use of your account or any breach of security,63
0,Specific content can be deleted without reason and may be removed without prior notice,63
0,The posting of pornographic content is prohibited,59
0,Your account can be suspended for several reasons,57
0,The service has non-exclusive use of your content,50
0,This service assumes no responsibility and liability for the contents of links to other websites,48
0,Instructions are provided on how to submit a copyright claim,44
0,You authorise the service to charge a credit card supplied on re-occurring basis,43
0,This service does not condone any ideas contained in its user-generated contents,42
0,"The terms may be changed at any time, but you will receive notification of the changes",41
0,Your content can be distributed through any media known now or in the future,40
0,The service does not guarantee that software errors will be corrected,38
0,You are prohibited from attempting to gain unauthorized access to other computer systems,38
0,The service is not responsible for linked or (clearly) quoted content from third-party content providers,37
0,Your content can be licensed to third parties,36
0,You cannot distribute or disclose your account to third parties,36
0,A license is kept on user-generated content even after you close your account,35
0,User accounts can be terminated after having been in breach of the terms of service repeatedly,34
0,The court of law governing the terms is in a jurisdiction that is less friendly to user privacy protection.,34
0,You must create an account to use this service,34
0,Your content can be deleted if you violate the terms,34
0,The court of law governing the terms is in a jurisdiction that is friendlier to user privacy protection.,32
0,"Defend, indemnify, hold harmless; survives termination",32
0,You have a reduced time period to take legal action against the service,32
0,You agree to indemnify and hold the service harmless in case of a claim related to your use of the service,31
0,You shall not interfere with another person's enjoyment of the service,31
0,"You are responsible for any risks, damages, or losses that may incur by downloading materials",30
0,The service has a no refund policy,29
0,"If you offer suggestions to the service, they may use that without your approval or compensation, but they do not become the owner",28
0,You are prohibited from posting content which promotes violence or politically or religiously extremist values.,28
0,"Other applicable rules, terms, conditions or guidelines",26
0,"You should revisit the terms periodically, although in case of material changes, the service will notify",26
0,"If you are the target of a copyright claim, your content may be removed",24
0,Minors must have the authorization of their legal guardians to use the service,24
0, The service is only available in some countries approved by its government,23
0,The publishing of personally identifiable information without the owner s consent is not allowed,22
0,Your use is throttled,22
0,This service has a no refund policy with some exceptions,20
0,You agree to comply with the law of the service's country,20
