Cases,Doc Type,Freq,,,Cases
1,Privacy Policy,62,,,Your personal data may be disclosed to comply with government requests without notice to you
2,,88,,,Your personal data is not sold
3,,2,,,Your identity is used in ads that are shown to other users
4,,11,,,"You must provide your legal name, pseudonyms are not allowed"
5,,6,,,You must provide your identifiable information
6,,24,,,You can delete your content from this service
7,,5,,,You are warned of the potential consequences related to third-party access
8,,9,,,"When the service wants to make a material change to its terms, you are notified at least 30 days in advance"
9,,9,,,"User-generated content is encrypted, and this service cannot decrypt it"
10,,7,,,Two factor authentication is provided for your account
11,,11,,,This service holds onto content that you've deleted
12,,15,,,Private messages can be read
,,,,,
1,Terms of Service,17,,,Your personal data may be disclosed to comply with government requests without notice to you
2,,8,,,Your personal data is not sold
3,,6,,,Your identity is used in ads that are shown to other users
4,,14,,,"You must provide your legal name, pseudonyms are not allowed"
5,,12,,,You must provide your identifiable information
6,,11,,,You can delete your content from this service
7,,4,,,You are warned of the potential consequences related to third-party access
8,,10,,,"When the service wants to make a material change to its terms, you are notified at least 30 days in advance"
9,,11,,,"User-generated content is encrypted, and this service cannot decrypt it"
10,,5,,,Two factor authentication is provided for your account
11,,10,,,This service holds onto content that you've deleted
12,,7,,,Private messages can be read