Service,Frequency
iFunny,80
Instagram,73
Crunchyroll,72
Brilliant,71
Merriam-Webster,69
Gettr,67
Twitch,65
DoorDash,65
Alibaba,62
HP | Hewlett-Packard,62
Cisco,61
LinkedIn,60
CodeSandbox,59
Strava,58
Discovery,57
Enpass,55
Artspace,55
Shopify,54
LBRY,53
Burger King,53
SpanishDict,53
xda-developers,53
Meredith,52
Element,51
PayPal,51
Redbubble,49
ClassDojo,49
Getty Images,48
Coinbase,48
Tumblr,46
edX,45
VKontakte,44
Washington Post,44
Never Install,44
Tinder,42
Fandango,42
HideMyAss!,42
Wattpad,41
Netflix,41
Adobe Services,41
SourceForge,41
Opera,40
FileFactory,40
Remind,40
Bandcamp,39
Symbaloo,39
Malwarebytes,38
FaceApp,38
Consumer News & Business Channel,38
Audacity,38
The Hershey Company,38
Khan Academy,37
ADT,37
matrix.org,37
Wickr Me,37
Eltiempo.es,36
Rakuten,36
WordArt,36
NBC News,36
Orange,35
Translate,35
BitPay,35
Firefox Cloud Services,35
Credit Karma,35
Vox Media,35
Prezi,34
Pure Dating,34
ExpressVPN,34
Stingle Photos,34
Amazon Prime Video,34
Wolt,33
Goodreads,33
Tripadvisor,33
Schoology,33
Line Corporation,33
Wallapop,33
Heaven HR,33
XE.com,33
Pexgle,33
Ting Inc.,32
Bing,32
Amazon AWS,32
eBuddy,32
Guiding Tech,31
WeatherBug ,31
Microsoft Services,31
V.H. Hess,31
Veepn,31
Medium,30
WhatsApp,30
Flipboard,30
Chegg,30
CNED,30
MySudo,30
Team SDS,30
webmail,30
Simply Earth,30
Busuu,29
Wise,29
Arch Linux,29
OneSignal,29
Urban Dictionary,29
TikTok,29
Nvidia,29
Discogs,29
F-List,29
Campfire Writing,29
Healthline,29
Bereal,28
MeWe,28
Instabridge,28
SoloLearn,28
Cakey Bot,28
t2bot.io,27
ASKfm,27
Quora,27
YouGov,27
Unilever,27
Ziff Davis,27
Figma,27
Monero,27
Foursquare,27
SC Johnson,27
Forbes,26
STiBaRC,26
IKEA,26
CouchSurfing,26
MobyGames,26
Tresorit,26
Xiaomi,26
BFM TV,26
Mailfence,25
ISODME,25
Zoom Video Communications,25
UptimeRobot,25
Session,25
Vimeo,25
Just Eat,25
Linksys,25
FanFiction,25
BitChute,25
Free Code Camp,25
GlobaliD,24
Tubi,24
WikiTree,24
Reuters,24
Brax.Me,24
Proton AG,24
Spotify,24
Ableton,24
How-To Geek,24
pCloud,24
Disqus,24
Ubisoft,23
Profilic,23
Marmiton,23
Royal Road,23
Zoho,23
Huawei,23
BitDefender,23
Ryver,23
Letterboxd,23
InfinityFree,23
BandLab,23
Google Analytics,22
AnonAddy,22
Open Collective,22
CounterMail,22
Crowdmark,22
Astronomer,22
Cloudflare,22
Flickr,22
Alzforum,22
Top GG,22
WordPress.org,22
Nerdist,22
SparkNotes,22
Brainly,21
The MOD Archive,21
Turnitin,21
CollegeBoard,21
Canva,21
Adventurer's Codex,21
mastodon.social,21
Goose VPN,21
Vercel,21
Medscape,21
Fandom,21
Wishlist,21
SmartNews,21
Listudy,21
Wikipedia,21
BlaBlaCar,21
Waze,20
miHoYo,20
OpenAI,20
Ouigo,20
supabase,20
23andMe,20
10minutemail,20
Yello,20
Gap Creek Media,20
Bitwarden,20
iCloud,20
IDrive,20
Amnesty International Limited (UK),20
Leetify,20
BlueStacks,20
Lichess,20
CyberGhost,20
Archive of Our Own,19
Amazon,19
Metacafe,19
Microspot,19
OpenStreetMap,19
Taskade,19
scribe,19
BBC,19
Pornhub,19
Privacy Guides,19
Enphase,19
Wordpress.com,19
Transit,19
Vidble,19
ePlus Technology,19
Creative Commons,19
BudgetBakers,19
KidzSearch,19
Apple Services,19
Hulu,19
Anydesk,19
IVPN,18
Salad,18
Roadtrip Nation,18
Disroot,18
Metager,18
NewPipe,18
BlueMail,18
Cryptee,18
Weblate,18
Diario AS,18
Uber,18
Trader Joe's,18
Internet Archive,18
Privacy.com,18
Signal,18
Orchid VPN,18
Canvas,18
Snapchat,18
Jsbin,18
VPN.AC,17
Open Humans,17
Headspace,17
The Weather Channel,17
Fedora,17
ThisNew,17
FamilyTreeDNA,17
Duolingo,17
MyAnimeList,17
Free,17
MIT App Inventor,17
CCleaner,17
Incog.host,16
Taco Time,16
Stack Overflow,16
Anime Music Quiz,16
KeyMe,16
IMDb,16
Gather Town,16
RUNALYZE,16
HubSpot,16
Unity,16
TopLogger,16
Ecosia,16
NordVPN,16
Valour,16
Snopyta,16
Common Application,16
Amino,16
Dailymotion,16
Chess.com,16
Bumble,16
Inkscape ,16
Google,16
Epic Games,16
itch.io,16
Todoist,16
National Geographic,16
Grammarly,16
DeepL,15
Staples Inc,15
Try Hack Me,15
SpiderOak,15
Bright Cellars,15
TorGuard,15
EthicalAds,15
Australia Post,15
Sync,15
ICANN,15
TV Tropes,15
Surfshark,15
iStudiez,15
Smartmessages,15
npm,15
Google Chrome,15
Wolfram Alpha,15
Roll20,15
Brave,15
ente.io,15
The Filipino Channel,14
vinted,14
Evernote,14
CryptPad,14
Scratch,14
Booking.com,14
Dashlane,14
The Walt Disney Company,14
GrubHub,14
Fox News,14
GoDaddy,14
SpigotMC,14
Career Fair Plus,14
Nexus Mods,14
FreeTube,14
McAfee,14
WeTransfer,14
Swiss Government,14
Filen,14
Waterfox,14
Tipeee,14
Phone2Action,14
FastMail,14
Mailchimp,14
ShapeShift,14
Techlore,14
Replika,14
Samsung,14
Binance,13
Walmart,13
Pico,13
SimpleLogin,13
SoundCloud,13
Twitter,13
Cleanfox,13
Gandi,13
Wikiwand,13
The Guardian,13
Dropbox,13
VPNHub,13
Weasyl,13
Nslookup,13
Facebook,13
SCP Wiki,13
Qwant,13
American Red Cross,13
Cash App,13
MuseScore,13
Raindrop.io,13
Kaspersky,13
Monarch Money,13
Browserling,13
Hacking with Swift,13
Blender,13
Cover your Tracks,13
Yuka,13
Wikimedia,13
Chinese Software Developer Network,12
WinZip,12
Bose,12
Fakespot,12
Musik-Sammler,12
MOBY Group,12
ByGabyArdigo,12
SaferVPN,12
Atlassian,12
USSeek,12
Fotocommunity,12
Calyx Institute,12
Tutanota,12
Character Count Online,12
e-foundation,12
stats.fm,12
Threema Work,12
Geneanet,12
Toggl Track,12
myFRITZ!,12
MattressFirm,12
Waymo,12
Overleaf,12
Guerrilla Mail,12
Fur Affinity,12
Security Trails,12
Watermark Insights,12
Spark Mail,12
GitLab,12
Zapier,12
LastPass,12
Imgur,11
Meetup,11
Kodi,11
OP.GG,11
Manscaped,11
Neocities,11
Sweatcoin,11
neeva,11
Mozilla.org,11
Textnow,11
HackenProof,11
Padlet,11
New York Times,11
Yubico,11
Doctolib,11
Swisscows,11
Women Also Know Stuff,11
Linguee,11
People For the Ethical Treatment of Animals,11
Cloze,11
Miraheze,11
SmartThings,11
SpaceHey,11
Dribbble,11
WordReference,11
Microsoft Store,11
Airbnb,11
statically,11
Buzzfeed,11
HideIPVPN,11
TCRF | The Cutting Room Floor,11
Netsyms Technologies,11
CoolMathGames,11
Pantip.com,9
Steam China,6
