Service,Policy_name,Frequency
10minutemail,Privacy Policy,20
23andMe,Terms of Service,10
23andMe,Privacy Policy,10
ADT,Privacy Policy,26
ADT,Terms of Service,11
ASKfm,Terms of Service,11
ASKfm,Privacy Policy,9
ASKfm,Cookie Policy,7
Ableton,Privacy Policy,12
Ableton,Unknown Policy,11
Ableton,Terms of Service,1
Adobe Services,Privacy Policy,24
Adobe Services,Terms of Service,17
Adventurer's Codex,Terms of Service,11
Adventurer's Codex,Privacy Policy,10
Airbnb,Terms of Service,6
Airbnb,Privacy Policy,3
Airbnb,Cookie Policy,2
Alibaba,Privacy Policy,31
Alibaba,Terms of Service,29
Alibaba,Unknown Policy,2
Alzforum,Terms of Service,14
Alzforum,Privacy Policy,8
Amazon,Privacy Policy,10
Amazon,Unknown Policy,6
Amazon,Terms of Service,3
Amazon AWS,Privacy Policy,17
Amazon AWS,Terms of Service,15
Amazon Prime Video,Privacy Policy,26
Amazon Prime Video,Terms of Service,5
Amazon Prime Video,Unknown Policy,3
American Red Cross,Terms of Service,13
Amino,Terms of Service,8
Amino,Privacy Policy,8
Amnesty International Limited (UK),Privacy Policy,18
Amnesty International Limited (UK),Cookie Policy,2
Anime Music Quiz,Privacy Policy,13
Anime Music Quiz,Terms of Service,3
AnonAddy,Privacy Policy,14
AnonAddy,Terms of Service,8
Anydesk,Terms of Service,18
Anydesk,Privacy Policy,1
Apple Services,Terms of Service,12
Apple Services,Privacy Policy,7
Arch Linux,Privacy Policy,21
Arch Linux,Unknown Policy,8
Archive of Our Own,Terms of Service,12
Archive of Our Own,Privacy Policy,7
Artspace,Terms of Service,28
Artspace,Privacy Policy,27
Astronomer,Privacy Policy,22
Atlassian,Cookie Policy,6
Atlassian,Privacy Policy,4
Atlassian,Unknown Policy,2
Audacity,Terms of Service,24
Audacity,Privacy Policy,14
Australia Post,Privacy Policy,8
Australia Post,Terms of Service,7
BBC,Privacy Policy,18
BBC,Terms of Service,1
BFM TV,Terms of Service,12
BFM TV,Privacy Policy,10
BFM TV,Cookie Policy,4
BandLab,Privacy Policy,14
BandLab,Terms of Service,9
Bandcamp,Terms of Service,25
Bandcamp,Privacy Policy,13
Bandcamp,Unknown Policy,1
Bereal,Terms of Service,19
Bereal,Privacy Policy,9
Binance,Privacy Policy,10
Binance,Terms of Service,3
Bing,Privacy Policy,28
Bing,Unknown Policy,4
BitChute,Terms of Service,21
BitChute,Unknown Policy,3
BitChute,Privacy Policy,1
BitDefender,Privacy Policy,23
BitPay,Terms of Service,35
Bitly,Terms of Service,12
Bitly,Privacy Policy,10
Bitwarden,Terms of Service,16
Bitwarden,Privacy Policy,4
BlaBlaCar,Privacy Policy,13
BlaBlaCar,Terms of Service,6
BlaBlaCar,Cookie Policy,2
Blender,Privacy Policy,13
BlueMail,Terms of Service,10
BlueMail,Privacy Policy,8
BlueStacks,Terms of Service,12
BlueStacks,Privacy Policy,8
Booking.com,Privacy Policy,14
Bose,Privacy Policy,12
Brainly,Terms of Service,21
Brave,Terms of Service,9
Brave,Privacy Policy,5
Brave,Unknown Policy,1
Brax.Me,Terms of Service,14
Brax.Me,Privacy Policy,10
Bright Cellars,Privacy Policy,12
Bright Cellars,Terms of Service,3
Brilliant,Terms of Service,44
Brilliant,Privacy Policy,22
Brilliant,Cookie Policy,5
Browserling,Privacy Policy,12
Browserling,Terms of Service,1
BudgetBakers,Privacy Policy,12
BudgetBakers,Terms of Service,7
Bumble,Terms of Service,8
Bumble,Privacy Policy,5
Bumble,Cookie Policy,3
Burger King,Terms of Service,40
Burger King,Privacy Policy,12
Burger King,Unknown Policy,1
Busuu,Terms of Service,27
Busuu,Privacy Policy,2
Buzzfeed,Privacy Policy,6
Buzzfeed,Unknown Policy,5
ByGabyArdigo,Privacy Policy,6
ByGabyArdigo,Terms of Service,5
ByGabyArdigo,Unknown Policy,1
CCleaner,Privacy Policy,7
CCleaner,Data Policy,7
CCleaner,Unknown Policy,3
CNED,Terms of Service,15
CNED,Privacy Policy,12
CNED,Cookie Policy,3
Cakey Bot,Privacy Policy,20
Cakey Bot,Terms of Service,7
Cakey Bot,Unknown Policy,1
Calyx Institute,Privacy Policy,12
Campfire Writing,Terms of Service,19
Campfire Writing,Privacy Policy,10
Canva,Terms of Service,13
Canva,Cookie Policy,8
Canvas,Privacy Policy,13
Canvas,Terms of Service,5
Career Fair Plus,Terms of Service,7
Career Fair Plus,Privacy Policy,7
Cash App,Terms of Service,7
Cash App,Privacy Policy,6
Character Count Online,Privacy Policy,12
Chegg,Terms of Service,24
Chegg,Cookie Policy,6
Chess.com,Terms of Service,13
Chess.com,Privacy Policy,3
Chinese Software Developer Network,Terms of Service,12
Cisco,Terms of Service,34
Cisco,Privacy Policy,27
ClassDojo,Terms of Service,34
ClassDojo,Privacy Policy,12
ClassDojo,Unknown Policy,3
Cleanfox,Privacy Policy,5
Cleanfox,Cookie Policy,4
Cleanfox,Terms of Service,4
Cloudflare,Privacy Policy,11
Cloudflare,Unknown Policy,6
Cloudflare,Cookie Policy,4
Cloudflare,Terms of Service,1
Cloze,Privacy Policy,11
CodeSandbox,Terms of Service,37
CodeSandbox,Privacy Policy,22
Coinbase,Privacy Policy,23
Coinbase,Unknown Policy,21
Coinbase,Terms of Service,4
CollegeBoard,Privacy Policy,14
CollegeBoard,Terms of Service,7
Common Application,Privacy Policy,16
Consumer News & Business Channel,Terms of Service,23
Consumer News & Business Channel,Privacy Policy,13
Consumer News & Business Channel,Cookie Policy,2
CoolMathGames,Terms of Service,7
CoolMathGames,Privacy Policy,4
CouchSurfing,Terms of Service,23
CouchSurfing,Privacy Policy,3
CounterMail,Terms of Service,17
CounterMail,Privacy Policy,5
Cover your Tracks,Privacy Policy,13
Creative Commons,Terms of Service,10
Creative Commons,Privacy Policy,9
Credit Karma,Terms of Service,18
Credit Karma,Privacy Policy,16
Credit Karma,Unknown Policy,1
Crowdmark,Terms of Service,12
Crowdmark,Privacy Policy,10
Crunchyroll,Terms of Service,46
Crunchyroll,Privacy Policy,26
CryptPad,Privacy Policy,9
CryptPad,Terms of Service,5
Cryptee,Privacy Policy,12
Cryptee,Terms of Service,6
CyberGhost,Terms of Service,13
CyberGhost,Privacy Policy,7
Dailymotion,Terms of Service,10
Dailymotion,Cookie Policy,5
Dailymotion,Unknown Policy,1
Dashlane,Terms of Service,9
Dashlane,Privacy Policy,5
DeepL,Privacy Policy,15
Diario AS,Privacy Policy,14
Diario AS,Unknown Policy,4
Discogs,Terms of Service,29
Discovery,Privacy Policy,28
Discovery,Unknown Policy,23
Discovery,Cookie Policy,6
Disqus,Privacy Policy,14
Disqus,Terms of Service,9
Disqus,Unknown Policy,1
Disroot,Privacy Policy,11
Disroot,Terms of Service,7
Doctolib,Privacy Policy,8
Doctolib,Terms of Service,2
Doctolib,Cookie Policy,1
DoorDash,Terms of Service,44
DoorDash,Privacy Policy,21
Dribbble,Terms of Service,7
Dribbble,Privacy Policy,4
Dropbox,Privacy Policy,5
Dropbox,Terms of Service,5
Dropbox,Unknown Policy,3
Duolingo,Terms of Service,9
Duolingo,Privacy Policy,8
Ecosia,Privacy Policy,14
Ecosia,Terms of Service,2
Element,Terms of Service,25
Element,Privacy Policy,21
Element,Unknown Policy,3
Element,Cookie Policy,2
Eltiempo.es,Privacy Policy,17
Eltiempo.es,Terms of Service,15
Eltiempo.es,Cookie Policy,4
Enpass,Terms of Service,35
Enpass,Privacy Policy,20
Enphase,Privacy Policy,14
Enphase,Cookie Policy,3
Enphase,Terms of Service,2
Epic Games,Terms of Service,10
Epic Games,Privacy Policy,6
EthicalAds,Terms of Service,13
EthicalAds,Privacy Policy,2
Evernote,Terms of Service,11
Evernote,Privacy Policy,3
ExpressVPN,Terms of Service,18
ExpressVPN,Privacy Policy,16
F-List,Terms of Service,21
F-List,Privacy Policy,8
FaceApp,Terms of Service,24
FaceApp,Privacy Policy,14
Facebook,Data Policy,6
Facebook,Cookie Policy,3
Facebook,Terms of Service,3
Facebook,Unknown Policy,1
Fakespot,Privacy Policy,9
Fakespot,Terms of Service,3
FamilyTreeDNA,Terms of Service,7
FamilyTreeDNA,Privacy Policy,6
FamilyTreeDNA,Cookie Policy,4
FanFiction,Terms of Service,20
FanFiction,Privacy Policy,3
FanFiction,Cookie Policy,2
Fandango,Terms of Service,26
Fandango,Privacy Policy,13
Fandango,Cookie Policy,2
Fandango,Unknown Policy,1
Fandom,Terms of Service,16
Fandom,Privacy Policy,5
FastMail,Terms of Service,8
FastMail,Privacy Policy,5
FastMail,Cookie Policy,1
Fedora,Privacy Policy,15
Fedora,Unknown Policy,2
Figma,Terms of Service,27
FileFactory,Terms of Service,28
FileFactory,Privacy Policy,12
Filen,Terms of Service,12
Filen,Privacy Policy,2
Firefox Cloud Services,Privacy Policy,29
Firefox Cloud Services,Terms of Service,6
Flickr,Terms of Service,11
Flickr,Privacy Policy,6
Flickr,Cookie Policy,5
Flipboard,Privacy Policy,19
Flipboard,Terms of Service,11
Forbes,Terms of Service,14
Forbes,Privacy Policy,12
Fotocommunity,Privacy Policy,10
Fotocommunity,Terms of Service,2
Foursquare,Privacy Policy,17
Foursquare,Terms of Service,10
Fox News,Terms of Service,8
Fox News,Unknown Policy,3
Fox News,Privacy Policy,3
Free,Privacy Policy,17
Free Code Camp,Terms of Service,18
Free Code Camp,Privacy Policy,7
FreeTube,Privacy Policy,14
Fur Affinity,Privacy Policy,7
Fur Affinity,Terms of Service,5
Gandi,Privacy Policy,13
Gap Creek Media,Privacy Policy,15
Gap Creek Media,Terms of Service,5
Gather Town,Privacy Policy,11
Gather Town,Terms of Service,5
Geneanet,Cookie Policy,5
Geneanet,Privacy Policy,4
Geneanet,Terms of Service,3
Gettr,Terms of Service,54
Gettr,Privacy Policy,13
Getty Images,Privacy Policy,24
Getty Images,Terms of Service,23
Getty Images,Unknown Policy,1
GitLab,Terms of Service,12
GlobaliD,Privacy Policy,24
GoDaddy,Privacy Policy,10
GoDaddy,Cookie Policy,3
GoDaddy,Terms of Service,1
Goodreads,Terms of Service,25
Goodreads,Cookie Policy,4
Goodreads,Privacy Policy,4
Google,Terms of Service,8
Google,Privacy Policy,8
Google Analytics,Terms of Service,12
Google Analytics,Privacy Policy,8
Google Analytics,Unknown Policy,2
Google Chrome,Privacy Policy,15
Goose VPN,Privacy Policy,12
Goose VPN,Terms of Service,7
Goose VPN,Unknown Policy,2
Grammarly,Terms of Service,12
Grammarly,Privacy Policy,4
GrubHub,Privacy Policy,9
GrubHub,Terms of Service,5
Guerrilla Mail,Terms of Service,7
Guerrilla Mail,Unknown Policy,4
Guerrilla Mail,Privacy Policy,1
Guiding Tech,Terms of Service,31
HP | Hewlett-Packard,Terms of Service,37
HP | Hewlett-Packard,Privacy Policy,22
HP | Hewlett-Packard,Cookie Policy,3
HackenProof,Terms of Service,8
HackenProof,Privacy Policy,3
Hacking with Swift,Privacy Policy,13
Headspace,Terms of Service,13
Headspace,Cookie Policy,2
Headspace,Privacy Policy,1
Headspace,Unknown Policy,1
Healthline,Terms of Service,15
Healthline,Privacy Policy,14
Heaven HR,Privacy Policy,22
Heaven HR,Terms of Service,11
HideIPVPN,Terms of Service,7
HideIPVPN,Privacy Policy,4
HideMyAss!,Terms of Service,18
HideMyAss!,Privacy Policy,17
HideMyAss!,Cookie Policy,7
How-To Geek,Privacy Policy,22
How-To Geek,Terms of Service,2
Huawei,Terms of Service,12
Huawei,Privacy Policy,6
Huawei,Cookie Policy,5
HubSpot,Terms of Service,6
HubSpot,Privacy Policy,4
HubSpot,Cookie Policy,4
HubSpot,Unknown Policy,1
HubSpot,Data Policy,1
Hulu,Terms of Service,10
Hulu,Privacy Policy,9
ICANN,Terms of Service,6
ICANN,Privacy Policy,6
ICANN,Cookie Policy,3
IDrive,Terms of Service,20
IKEA,Privacy Policy,20
IKEA,Terms of Service,5
IKEA,Cookie Policy,1
IMDb,Privacy Policy,16
ISODME,Privacy Policy,13
ISODME,Terms of Service,12
IVPN,Terms of Service,12
IVPN,Privacy Policy,5
IVPN,Unknown Policy,1
Imgur,Terms of Service,6
Imgur,Privacy Policy,5
Incog.host,Terms of Service,9
Incog.host,Privacy Policy,6
Incog.host,Unknown Policy,1
InfinityFree,Terms of Service,15
InfinityFree,Privacy Policy,8
Inkscape ,Privacy Policy,11
Inkscape ,Unknown Policy,5
Instabridge,Privacy Policy,16
Instabridge,Terms of Service,10
Instabridge,Cookie Policy,2
Instagram,Data Policy,30
Instagram,Terms of Service,28
Instagram,Unknown Policy,8
Instagram,Cookie Policy,7
Internet Archive,Terms of Service,18
Jsbin,Terms of Service,11
Jsbin,Privacy Policy,7
Just Eat,Privacy Policy,12
Just Eat,Terms of Service,9
Just Eat,Cookie Policy,4
Kaspersky,Privacy Policy,11
Kaspersky,Unknown Policy,2
KeyMe,Privacy Policy,11
KeyMe,Terms of Service,5
Khan Academy,Terms of Service,29
Khan Academy,Privacy Policy,8
KidzSearch,Privacy Policy,19
Kodi,Terms of Service,9
Kodi,Privacy Policy,2
LBRY,Terms of Service,31
LBRY,Privacy Policy,22
LastPass,Privacy Policy,10
LastPass,Terms of Service,2
Leetify,Terms of Service,12
Leetify,Privacy Policy,8
Letterboxd,Privacy Policy,12
Letterboxd,Terms of Service,11
Lichess,Terms of Service,10
Lichess,Privacy Policy,8
Lichess,Unknown Policy,2
Line Corporation,Privacy Policy,26
Line Corporation,Terms of Service,6
Line Corporation,Data Policy,1
Linguee,Privacy Policy,9
Linguee,Terms of Service,2
LinkedIn,Privacy Policy,28
LinkedIn,Terms of Service,27
LinkedIn,Cookie Policy,4
LinkedIn,Unknown Policy,1
Linksys,Privacy Policy,18
Linksys,Cookie Policy,4
Linksys,Unknown Policy,3
Listudy,Terms of Service,14
Listudy,Privacy Policy,7
MIT App Inventor,Privacy Policy,17
MOBY Group,Terms of Service,9
MOBY Group,Privacy Policy,3
Mailchimp,Terms of Service,14
Mailfence,Privacy Policy,12
Mailfence,Terms of Service,11
Mailfence,Unknown Policy,2
Malwarebytes,Terms of Service,20
Malwarebytes,Privacy Policy,18
Manscaped,Terms of Service,11
Marmiton,Privacy Policy,17
Marmiton,Terms of Service,6
MattressFirm,Terms of Service,12
McAfee,Cookie Policy,14
MeWe,Terms of Service,24
MeWe,Privacy Policy,4
Medium,Privacy Policy,23
Medium,Terms of Service,4
Medium,Unknown Policy,3
Medscape,Terms of Service,21
Meetup,Terms of Service,5
Meetup,Privacy Policy,4
Meetup,Cookie Policy,2
Meredith,Terms of Service,27
Meredith,Privacy Policy,25
Merriam-Webster,Privacy Policy,35
Merriam-Webster,Terms of Service,34
Metacafe,Terms of Service,13
Metacafe,Privacy Policy,6
Metager,Privacy Policy,12
Metager,Unknown Policy,6
Microsoft Services,Privacy Policy,16
Microsoft Services,Unknown Policy,12
Microsoft Services,Terms of Service,3
Microsoft Store,Terms of Service,8
Microsoft Store,Privacy Policy,3
Microspot,Data Policy,14
Microspot,Terms of Service,5
Miraheze,Terms of Service,6
Miraheze,Privacy Policy,5
MobyGames,Terms of Service,23
MobyGames,Privacy Policy,3
Monarch Money,Terms of Service,8
Monarch Money,Privacy Policy,5
Monero,Privacy Policy,27
Mozilla.org,Privacy Policy,11
MuseScore,Terms of Service,13
Musik-Sammler,Unknown Policy,12
MyAnimeList,Terms of Service,12
MyAnimeList,Privacy Policy,4
MyAnimeList,Cookie Policy,1
MySudo,Privacy Policy,19
MySudo,Terms of Service,11
NBC News,Privacy Policy,16
NBC News,Terms of Service,11
NBC News,Cookie Policy,9
National Geographic,Terms of Service,10
National Geographic,Privacy Policy,6
Neocities,Terms of Service,6
Neocities,Privacy Policy,5
Nerdist,Privacy Policy,22
Netflix,Privacy Policy,30
Netflix,Terms of Service,11
Netsyms Technologies,Unknown Policy,11
Never Install,Terms of Service,37
Never Install,Privacy Policy,7
New York Times,Terms of Service,10
New York Times,Privacy Policy,1
NewPipe,Privacy Policy,16
NewPipe,Unknown Policy,2
Nexus Mods,Privacy Policy,9
Nexus Mods,Terms of Service,5
NordVPN,Terms of Service,9
NordVPN,Privacy Policy,7
Nslookup,Terms of Service,9
Nslookup,Privacy Policy,4
Nvidia,Privacy Policy,19
Nvidia,Cookie Policy,10
OP.GG,Terms of Service,6
OP.GG,Privacy Policy,5
Okta,Privacy Policy,11
OneSignal,Privacy Policy,23
OneSignal,Terms of Service,6
Open Collective,Terms of Service,14
Open Collective,Privacy Policy,8
Open Humans,Data Policy,17
OpenAI,Terms of Service,18
OpenAI,Privacy Policy,2
OpenStreetMap,Terms of Service,14
OpenStreetMap,Privacy Policy,5
Opera,Terms of Service,24
Opera,Privacy Policy,12
Opera,Cookie Policy,4
Orange,Data Policy,13
Orange,Terms of Service,11
Orange,Cookie Policy,7
Orange,Privacy Policy,4
Orchid VPN,Terms of Service,10
Orchid VPN,Privacy Policy,8
Ouigo,Terms of Service,14
Ouigo,Privacy Policy,6
Overleaf,Terms of Service,12
Padlet,Privacy Policy,7
Padlet,Terms of Service,4
Pantip.com,Privacy Policy,6
Pantip.com,Terms of Service,3
PayPal,Privacy Policy,25
PayPal,Unknown Policy,19
PayPal,Cookie Policy,7
People For the Ethical Treatment of Animals,Terms of Service,10
People For the Ethical Treatment of Animals,Privacy Policy,1
Pexgle,Privacy Policy,20
Pexgle,Terms of Service,9
Pexgle,Unknown Policy,4
Phone2Action,Terms of Service,7
Phone2Action,Privacy Policy,7
Pico,Terms of Service,10
Pico,Unknown Policy,3
Pornhub,Privacy Policy,19
Prezi,Privacy Policy,26
Prezi,Cookie Policy,4
Prezi,Unknown Policy,2
Prezi,Terms of Service,2
Privacy Guides,Privacy Policy,13
Privacy Guides,Unknown Policy,6
Privacy.com,Terms of Service,18
Profilic,Privacy Policy,15
Profilic,Terms of Service,8
Proton AG,Privacy Policy,16
Proton AG,Terms of Service,4
Proton AG,Unknown Policy,3
Proton AG,Data Policy,1
Pure Dating,Terms of Service,25
Pure Dating,Privacy Policy,9
Quora,Privacy Policy,16
Quora,Terms of Service,11
Qwant,Terms of Service,13
RUNALYZE,Terms of Service,9
RUNALYZE,Privacy Policy,7
Raindrop.io,Terms of Service,8
Raindrop.io,Privacy Policy,5
Rakuten,Terms of Service,36
Redbubble,Unknown Policy,29
Redbubble,Privacy Policy,20
Remind,Terms of Service,20
Remind,Privacy Policy,20
Replika,Privacy Policy,7
Replika,Terms of Service,7
Reuters,Terms of Service,14
Reuters,Privacy Policy,10
Roadtrip Nation,Terms of Service,13
Roadtrip Nation,Privacy Policy,5
Roll20,Unknown Policy,15
Royal Road,Terms of Service,23
Ryver,Terms of Service,14
Ryver,Privacy Policy,9
SC Johnson,Privacy Policy,18
SC Johnson,Terms of Service,9
SCP Wiki,Terms of Service,7
SCP Wiki,Privacy Policy,6
STiBaRC,Privacy Policy,16
STiBaRC,Terms of Service,10
SaferVPN,Terms of Service,12
Salad,Terms of Service,15
Salad,Privacy Policy,3
Samsung,Privacy Policy,14
Schoology,Privacy Policy,18
Schoology,Terms of Service,15
Scratch,Privacy Policy,6
Scratch,Unknown Policy,4
Scratch,Terms of Service,4
Security Trails,Terms of Service,12
Session,Terms of Service,17
Session,Privacy Policy,8
ShapeShift,Privacy Policy,14
Shopify,Terms of Service,37
Shopify,Cookie Policy,11
Shopify,Privacy Policy,6
Signal,Privacy Policy,13
Signal,Data Policy,5
SimpleLogin,Privacy Policy,10
SimpleLogin,Terms of Service,2
SimpleLogin,Unknown Policy,1
Simply Earth,Privacy Policy,15
Simply Earth,Terms of Service,15
SmartNews,Privacy Policy,11
SmartNews,Terms of Service,8
SmartNews,Unknown Policy,2
SmartThings,Terms of Service,9
SmartThings,Privacy Policy,2
Smartmessages,Privacy Policy,15
Snapchat,Privacy Policy,11
Snapchat,Cookie Policy,5
Snapchat,Terms of Service,2
Snopyta,Privacy Policy,16
SoloLearn,Terms of Service,28
SoundCloud,Terms of Service,11
SoundCloud,Privacy Policy,2
SourceForge,Terms of Service,24
SourceForge,Privacy Policy,17
SpaceHey,Terms of Service,10
SpaceHey,Privacy Policy,1
SpanishDict,Terms of Service,27
SpanishDict,Privacy Policy,26
Spark Mail,Terms of Service,10
Spark Mail,Privacy Policy,2
SparkNotes,Terms of Service,22
SpiderOak,Privacy Policy,8
SpiderOak,Terms of Service,7
SpigotMC,Terms of Service,9
SpigotMC,Cookie Policy,3
SpigotMC,Privacy Policy,2
Spotify,Terms of Service,18
Spotify,Privacy Policy,5
Spotify,Unknown Policy,1
Stack Overflow,Terms of Service,8
Stack Overflow,Privacy Policy,5
Stack Overflow,Cookie Policy,3
Staples Inc,Terms of Service,15
Steam China,Unknown Policy,3
Steam China,Privacy Policy,3
Stingle Photos,Terms of Service,21
Stingle Photos,Privacy Policy,13
Strava,Terms of Service,40
Strava,Privacy Policy,14
Strava,Cookie Policy,4
Surfshark,Privacy Policy,12
Surfshark,Terms of Service,3
Sweatcoin,Privacy Policy,6
Sweatcoin,Terms of Service,5
Swiss Government,Terms of Service,14
Swisscows,Privacy Policy,11
Symbaloo,Terms of Service,21
Symbaloo,Privacy Policy,18
Sync,Terms of Service,10
Sync,Privacy Policy,5
TCRF | The Cutting Room Floor,Privacy Policy,8
TCRF | The Cutting Room Floor,Unknown Policy,3
TV Tropes,Privacy Policy,15
Taco Time,Privacy Policy,11
Taco Time,Terms of Service,5
Taskade,Privacy Policy,11
Taskade,Terms of Service,8
Team SDS,Terms of Service,30
Techlore,Privacy Policy,14
Textnow,Terms of Service,8
Textnow,Privacy Policy,3
The Filipino Channel,Terms of Service,10
The Filipino Channel,Privacy Policy,4
The Guardian,Privacy Policy,8
The Guardian,Terms of Service,5
The Hershey Company,Privacy Policy,26
The Hershey Company,Terms of Service,12
The MOD Archive,Terms of Service,21
The Walt Disney Company,Terms of Service,14
The Weather Channel,Privacy Policy,13
The Weather Channel,Terms of Service,4
ThisNew,Terms of Service,12
ThisNew,Privacy Policy,5
Threema Work,Privacy Policy,7
Threema Work,Terms of Service,5
TikTok,Privacy Policy,18
TikTok,Terms of Service,7
TikTok,Cookie Policy,3
TikTok,Unknown Policy,1
Tinder,Privacy Policy,19
Tinder,Terms of Service,19
Tinder,Cookie Policy,4
Ting Inc.,Privacy Policy,18
Ting Inc.,Terms of Service,14
Tipeee,Privacy Policy,7
Tipeee,Terms of Service,4
Tipeee,Cookie Policy,3
Todoist,Terms of Service,10
Todoist,Privacy Policy,6
Toggl Track,Privacy Policy,12
Top GG,Privacy Policy,14
Top GG,Terms of Service,8
TopLogger,Terms of Service,16
TorGuard,Privacy Policy,8
TorGuard,Terms of Service,7
Trader Joe's,Privacy Policy,18
Transit,Privacy Policy,10
Transit,Terms of Service,9
Translate,Privacy Policy,35
Tresorit,Terms of Service,26
Tripadvisor,Terms of Service,21
Tripadvisor,Privacy Policy,12
Try Hack Me,Terms of Service,15
Tubi,Terms of Service,16
Tubi,Privacy Policy,8
Tumblr,Privacy Policy,24
Tumblr,Terms of Service,22
Turnitin,Unknown Policy,16
Turnitin,Privacy Policy,5
Tutanota,Privacy Policy,11
Tutanota,Unknown Policy,1
Twitch,Terms of Service,32
Twitch,Privacy Policy,25
Twitch,Cookie Policy,8
Twitter,Privacy Policy,7
Twitter,Terms of Service,6
USSeek,Terms of Service,7
USSeek,Privacy Policy,5
Uber,Privacy Policy,12
Uber,Terms of Service,6
Ubisoft,Terms of Service,15
Ubisoft,Privacy Policy,8
Unilever,Privacy Policy,27
Unity,Privacy Policy,7
Unity,Terms of Service,7
Unity,Cookie Policy,2
UptimeRobot,Privacy Policy,23
UptimeRobot,Terms of Service,2
Urban Dictionary,Privacy Policy,15
Urban Dictionary,Terms of Service,14
V.H. Hess,Terms of Service,20
V.H. Hess,Privacy Policy,11
VKontakte,Terms of Service,32
VKontakte,Privacy Policy,12
VPN.AC,Terms of Service,9
VPN.AC,Privacy Policy,8
VPNHub,Privacy Policy,8
VPNHub,Terms of Service,5
Valour,Terms of Service,10
Valour,Privacy Policy,6
Veepn,Privacy Policy,17
Veepn,Terms of Service,14
Vercel,Terms of Service,14
Vercel,Privacy Policy,7
Vidble,Terms of Service,19
Vimeo,Terms of Service,25
Vox Media,Terms of Service,18
Vox Media,Privacy Policy,13
Vox Media,Cookie Policy,4
Wallapop,Terms of Service,17
Wallapop,Privacy Policy,13
Wallapop,Cookie Policy,3
Walmart,Privacy Policy,13
Washington Post,Privacy Policy,28
Washington Post,Terms of Service,16
Waterfox,Privacy Policy,10
Waterfox,Unknown Policy,4
Watermark Insights,Terms of Service,11
Watermark Insights,Unknown Policy,1
Wattpad,Terms of Service,24
Wattpad,Privacy Policy,13
Wattpad,Unknown Policy,4
Waymo,Terms of Service,10
Waymo,Privacy Policy,2
Waze,Privacy Policy,9
Waze,Terms of Service,5
Waze,Cookie Policy,3
Waze,Unknown Policy,3
WeTransfer,Terms of Service,8
WeTransfer,Privacy Policy,6
Weasyl,Privacy Policy,7
Weasyl,Terms of Service,6
WeatherBug ,Privacy Policy,16
WeatherBug ,Terms of Service,15
Weblate,Privacy Policy,13
Weblate,Unknown Policy,5
WhatsApp,Privacy Policy,20
WhatsApp,Terms of Service,9
WhatsApp,Cookie Policy,1
Wickr Me,Terms of Service,20
Wickr Me,Privacy Policy,15
Wickr Me,Cookie Policy,1
Wickr Me,Unknown Policy,1
WikiTree,Privacy Policy,12
WikiTree,Terms of Service,12
Wikimedia,Privacy Policy,7
Wikimedia,Terms of Service,6
Wikipedia,Terms of Service,15
Wikipedia,Privacy Policy,6
Wikiwand,Privacy Policy,13
WinZip,Privacy Policy,10
WinZip,Terms of Service,2
Wise,Unknown Policy,17
Wise,Privacy Policy,6
Wise,Terms of Service,3
Wise,Cookie Policy,3
Wishlist,Terms of Service,12
Wishlist,Privacy Policy,9
Wolfram Alpha,Privacy Policy,15
Wolt,Privacy Policy,33
Women Also Know Stuff,Privacy Policy,11
WordArt,Terms of Service,29
WordArt,Privacy Policy,7
WordPress.org,Privacy Policy,18
WordPress.org,Cookie Policy,4
WordReference,Terms of Service,7
WordReference,Privacy Policy,4
Wordpress.com,Privacy Policy,10
Wordpress.com,Terms of Service,8
Wordpress.com,Cookie Policy,1
XE.com,Terms of Service,14
XE.com,Privacy Policy,13
XE.com,Cookie Policy,6
Xiaomi,Privacy Policy,26
Yello,Privacy Policy,20
YouGov,Terms of Service,14
YouGov,Privacy Policy,13
Yubico,Terms of Service,11
Yuka,Terms of Service,8
Yuka,Privacy Policy,5
Zapier,Privacy Policy,12
Ziff Davis,Privacy Policy,25
Ziff Davis,Terms of Service,2
Zoho,Privacy Policy,17
Zoho,Terms of Service,5
Zoho,Cookie Policy,1
Zoom Video Communications,Privacy Policy,16
Zoom Video Communications,Terms of Service,7
Zoom Video Communications,Cookie Policy,2
e-foundation,Terms of Service,6
e-foundation,Privacy Policy,6
eBuddy,Privacy Policy,17
eBuddy,Terms of Service,15
ePlus Technology,Privacy Policy,18
ePlus Technology,Terms of Service,1
edX,Privacy Policy,23
edX,Terms of Service,22
ente.io,Terms of Service,15
iCloud,Terms of Service,17
iCloud,Privacy Policy,2
iCloud,Unknown Policy,1
iFunny,Terms of Service,48
iFunny,Privacy Policy,32
iStudiez,Privacy Policy,15
itch.io,Privacy Policy,8
itch.io,Terms of Service,8
mastodon.social,Terms of Service,13
mastodon.social,Unknown Policy,6
mastodon.social,Privacy Policy,2
matrix.org,Terms of Service,20
matrix.org,Privacy Policy,17
miHoYo,Privacy Policy,17
miHoYo,Terms of Service,3
myFRITZ!,Terms of Service,8
myFRITZ!,Data Policy,4
neeva,Terms of Service,11
npm,Terms of Service,13
npm,Privacy Policy,2
pCloud,Terms of Service,17
pCloud,Privacy Policy,7
scribe,Terms of Service,8
scribe,Privacy Policy,7
scribe,Cookie Policy,4
statically,Terms of Service,8
statically,Privacy Policy,3
stats.fm,Privacy Policy,8
stats.fm,Terms of Service,4
supabase,Privacy Policy,19
supabase,Unknown Policy,1
t2bot.io,Terms of Service,27
vinted,Terms of Service,9
vinted,Privacy Policy,5
webmail,Terms of Service,28
webmail,Privacy Policy,2
xda-developers,Privacy Policy,34
xda-developers,Terms of Service,19
