Policy_name,Case,Label,Frequency
Cookie Policy,A complaint mechanism is provided for the handling of personal data,1,2
Cookie Policy,A list of all cookies set by the website is provided,1,15
Cookie Policy,Blocking first party cookies may limit your ability to use the service,1,26
Cookie Policy,Do Not Track (DNT) headers are ignored and you are tracked anyway even if you set this header.,1,8
Cookie Policy,Extra data may be collected about you through promotions,1,1
Cookie Policy,First-party cookies are used,1,20
Cookie Policy,Information is gathered about you through third parties,1,2
Cookie Policy,Information is provided about how your personal data is used,1,1
Cookie Policy,Information is provided about what kind of information they collect,1,1
Cookie Policy,Many different types of personal data are collected,1,1
Cookie Policy,Many third parties are involved in operating the service,1,3
Cookie Policy,Private messages can be read,1,1
Cookie Policy,The cookies used by this service do not contain information that would personally identify you,1,4
Cookie Policy,The service claims to be GDPR compliant for European users,0,1
Cookie Policy,The service deletes tracking data after a period of time and allows you to opt out,1,1
Cookie Policy,The service informs you that its privacy policy does not apply to third party websites,1,5
Cookie Policy,There is a date of the last update of the agreements,0,3
Cookie Policy,Third parties are involved in operating the service,1,2
Cookie Policy,Third parties used by the service are bound by confidentiality obligations,1,1
Cookie Policy,"Third party cookies are employed, but with opt out instructions",1,9
Cookie Policy,Third-party cookies are used for advertising,1,34
Cookie Policy,Third-party cookies are used for statistics,1,38
Cookie Policy,This Service provides a list of Third Parties involved in its operation.,0,1
Cookie Policy,This service gives your personal data to third parties involved in its operation,1,1
Cookie Policy,"This service may collect, use, and share location data",1,2
Cookie Policy,This service shares your personal data with third parties that are not essential to its operation,1,2
Cookie Policy,This service still tracks you even if you opted out from tracking,1,5
Cookie Policy,This service tracks which web page referred you to it,1,1
Cookie Policy,This service tracks you on other websites,1,10
Cookie Policy,Tracking pixels are used in service-to-user communication,1,6
Cookie Policy,You are allowed to quote their content with attribution,0,1
Cookie Policy,You are being tracked via social media cookies/pixels,1,23
Cookie Policy,"You are tracked via web beacons, tracking pixels, browser fingerprinting, and/or device fingerprinting",1,26
Cookie Policy,You can opt out of targeted advertising,0,7
Cookie Policy,"You can request access, correction and/or deletion of your data",1,2
Cookie Policy,You can retrieve an archive of your data,1,1
Cookie Policy,"Your IP address is collected, which can be used to view your approximate location",1,2
Cookie Policy,Your Personal data may be sold unless you opt out,1,1
Cookie Policy,Your browser's Do Not Track (DNT) headers are respected,1,1
Cookie Policy,Your browsing history can be viewed by the service,1,1
Cookie Policy,Your personal data is not sold,1,1
Cookie Policy,Your personal data is used for advertising,1,3
Cookie Policy,Your personal data is used to employ targeted third-party advertising,1,7
Cookie Policy,Your personal data may be disclosed to comply with government requests without notice to you,1,1
Cookie Policy,Your personal data may be sold or otherwise transferred as part of a bankruptcy proceeding or other type of financial transaction,1,2
Cookie Policy,Your personal data may be used for marketing purposes,1,1
Cookie Policy,Your personal information is used for many different purposes,1,1
Cookie Policy,Your profile is combined across various products,1,2
Cookie Policy,Your use is throttled,0,1
Data Policy,A list of all cookies set by the website is provided,1,1
Data Policy,Alternative accounts are not allowed,1,1
Data Policy,App required for this service requires broad device permissions,0,1
Data Policy,Blocking first party cookies may limit your ability to use the service,1,2
Data Policy,Features of the website are made available under a free software license,0,1
Data Policy,Information is gathered about you through third parties,1,3
Data Policy,Information is provided about how your personal data is used,1,1
Data Policy,Information is provided about what kind of information they collect,1,2
Data Policy,Logs are deleted after a finite period of time,1,1
Data Policy,Logs are kept for an undefined period of time,1,1
Data Policy,Many different types of personal data are collected,1,3
Data Policy,Many third parties are involved in operating the service,1,1
Data Policy,Only necessary logs are kept by the service to ensure quality,1,1
Data Policy,Only temporary session cookies are used,1,1
Data Policy,Personal information that is shared outside its jurisdiction is processed according to the original jurisdiction s data protection standards,1,1
Data Policy,Private messages can be read,1,1
Data Policy,Pseudonyms are allowed,1,1
Data Policy,Some personal data may be kept for business interests or legal obligations,1,2
Data Policy,"Terms may be changed any time at their discretion, without notice to you ",0,1
Data Policy,The service claims to be GDPR compliant for European users,0,1
Data Policy,The service informs you that its privacy policy does not apply to third party websites,1,2
Data Policy,"The service may keep a secure, anonymized record of your data for analytical purposes even after the data retention period",1,1
Data Policy,The service promises to inform and/or notify you regarding government inquiries that may involve your personal data,1,1
Data Policy,The service will only respond to government requests that are reasonable,1,1
Data Policy,There is a date of the last update of the agreements,0,1
Data Policy,They store data on you even if you did not interact with the service,1,1
Data Policy,Third parties are involved in operating the service,1,1
Data Policy,Third parties are not allowed to access your personal information without a legal basis,1,1
Data Policy,Third parties used by the service are bound by confidentiality obligations,1,2
Data Policy,Third-party cookies are used for statistics,1,2
Data Policy,This service gives your personal data to third parties involved in its operation,1,3
Data Policy,This service is a subsidiary of Company X,0,1
Data Policy,"This service may collect, use, and share location data",1,1
Data Policy,"This service offers a symbolic but nonbinding statement about a matter of opinion, ethics, society, or politics",0,1
Data Policy,This service receives your precise location through GPS coordinates,1,1
Data Policy,This service retains rights to your content even after you stop using your account,1,1
Data Policy,This service shares your personal data with third parties that are not essential to its operation,1,1
Data Policy,This service tracks which web page referred you to it,1,1
Data Policy,"When the service wants to change its terms, you are notified a week or more in advance.",0,1
Data Policy,"When the service wants to make a material change to its terms, you are notified at least 30 days in advance",0,1
Data Policy,You are being tracked via social media cookies/pixels,1,2
Data Policy,You are informed about the risk of publishing personal info online,1,3
Data Policy,"You are tracked via web beacons, tracking pixels, browser fingerprinting, and/or device fingerprinting",1,2
Data Policy,You aren t forced into binding arbitration in case of disputes,0,1
Data Policy,You can choose with whom you share content,1,1
Data Policy,You can delete your content from this service,1,2
Data Policy,You can limit how your information is used by third-parties and the service,1,2
Data Policy,You can opt out of promotional communications,0,1
Data Policy,"You can request access, correction and/or deletion of your data",1,2
Data Policy,You can retrieve an archive of your data,1,1
Data Policy,You have the right to leave this service at any time,0,2
Data Policy,You maintain ownership of your content,1,1
Data Policy,"Your IP address is collected, which can be used to view your approximate location",1,2
Data Policy,Your biometric data is collected,1,2
Data Policy,Your data is processed and stored in a country that is less friendly to user privacy protection,1,1
Data Policy,Your data may be processed and stored anywhere in the world,1,3
Data Policy,Your personal data is aggregated into statistics,1,4
Data Policy,Your personal data is not sold,1,1
Data Policy,Your personal data is used for advertising,1,2
Data Policy,Your personal data is used to employ targeted third-party advertising,1,1
Data Policy,Your personal data may be disclosed to comply with government requests without notice to you,1,1
Data Policy,Your personal data may be sold or otherwise transferred as part of a bankruptcy proceeding or other type of financial transaction,1,2
Data Policy,Your personal data may be used for marketing purposes,1,2
Data Policy,Your personal information is used for many different purposes,1,3
Data Policy,Your profile is combined across various products,1,3
Privacy Policy,A complaint mechanism is provided for the handling of personal data,1,50
Privacy Policy,A free help desk is provided,0,15
Privacy Policy,A list of all cookies set by the website is provided,1,8
Privacy Policy,Accessibility to this service is guaranteed at 99% or more,0,1
Privacy Policy,An anonymous payment method is offered,1,5
Privacy Policy,An onion site accessible over Tor is provided,1,1
Privacy Policy,Any liability on behalf of the service is only limited to the fees you paid as a user,0,1
Privacy Policy,App required for this service requires broad device permissions,0,8
Privacy Policy,Archives of their agreements are provided so that changes can be viewed over time,0,17
Privacy Policy,Blocking first party cookies may limit your ability to use the service,1,79
Privacy Policy,"Conditions may change, but your continued acceptance is not inferred from an earlier acceptance",0,2
Privacy Policy,Content is published under a free license instead of a bilateral one,1,2
Privacy Policy,Content you post may be edited by the service for any reason,1,1
Privacy Policy,Do Not Track (DNT) headers are ignored and you are tracked anyway even if you set this header.,1,82
Privacy Policy,Extra data may be collected about you through promotions,1,29
Privacy Policy,Failure to enforce any provision of the Terms of Service does not constitute a waiver of such provision,0,1
Privacy Policy,Features of the website are made available under a free software license,0,3
Privacy Policy,First-party cookies are used,1,51
Privacy Policy,IP addresses of website visitors are not tracked,1,12
Privacy Policy,"If you offer suggestions to the service, they may use that without your approval or compensation, but they do not become the owner",0,1
Privacy Policy,Inconvenient process for obtaining personal data,1,2
Privacy Policy,Information is gathered about you through third parties,1,80
Privacy Policy,Information is provided about how they collect personal data,1,52
Privacy Policy,Information is provided about how your personal data is used,1,116
Privacy Policy,Information is provided about security practices,1,66
Privacy Policy,Information is provided about what kind of information they collect,1,116
Privacy Policy,"Instead of asking directly, this Service will assume your consent merely from your usage.",0,11
Privacy Policy,Instructions are provided on how to submit a copyright claim,0,2
Privacy Policy,Invalidity of any portion of the Terms of Service does not entail invalidity of its remainder,0,1
Privacy Policy,Logs are deleted after a finite period of time,1,31
Privacy Policy,Logs are kept for an undefined period of time,1,17
Privacy Policy,Many different types of personal data are collected,1,64
Privacy Policy,Many third parties are involved in operating the service,1,25
Privacy Policy,Minors must have the authorization of their legal guardians to use the service,0,5
Privacy Policy,No guarantee is given regarding quality,0,1
Privacy Policy,No need to register,0,11
Privacy Policy,No third-party analytics or tracking platforms are used,1,14
Privacy Policy,Only aggregate data is given to third parties,1,7
Privacy Policy,Only necessary logs are kept by the service to ensure quality,1,14
Privacy Policy,Only temporary session cookies are used,1,8
Privacy Policy,"Other applicable rules, terms, conditions or guidelines",0,5
Privacy Policy,Personal information that is shared outside its jurisdiction is processed according to the original jurisdiction s data protection standards,1,6
Privacy Policy,Political discussions or campaining are prohibited,0,2
Privacy Policy,Private messages can be read,1,15
Privacy Policy,Promises will be kept after a merger or acquisition,0,20
Privacy Policy,Pseudonyms are allowed,1,25
Privacy Policy,Sensitive data is collected and shared to target advertising,1,8
Privacy Policy,Separate policies are employed for different parts of the service,0,7
Privacy Policy,Some personal data may be kept for business interests or legal obligations,1,52
Privacy Policy,Specific content can be deleted without reason and may be removed without prior notice,1,2
Privacy Policy,"Terms may be changed any time at their discretion, without notice to you ",0,23
Privacy Policy,The cookies used by this service do not contain information that would personally identify you,1,8
Privacy Policy,The court of law governing the terms is in a jurisdiction that is friendlier to user privacy protection.,1,8
Privacy Policy,The court of law governing the terms is in a jurisdiction that is less friendly to user privacy protection.,1,9
Privacy Policy,The court of law governing the terms is in location X,1,9
Privacy Policy,The data retention period is kept to the minimum necessary for fulfilling its purposes,1,51
Privacy Policy,The policy refers to documents that are missing or unfindable,1,1
Privacy Policy,The posting of pornographic content is prohibited,1,3
Privacy Policy,The publishing of personally identifiable information without the owner s consent is not allowed,1,1
Privacy Policy,The service can intervene in user disputes,0,1
Privacy Policy,The service claims to be CCPA compliant for California users,0,42
Privacy Policy,The service claims to be GDPR compliant for European users,0,74
Privacy Policy,The service claims to be LGPD compliant for Brazilian users,0,5
Privacy Policy,The service deletes tracking data after a period of time and allows you to opt out,1,2
Privacy Policy,The service does not guarantee accuracy or reliability of the information provided,0,3
Privacy Policy,The service does not index or open files that you upload,1,2
Privacy Policy,The service does not use any third-party advertising services,1,1
Privacy Policy,The service explains how to prevent disclosure of personal information to third parties,1,4
Privacy Policy,The service has a no refund policy,0,1
Privacy Policy,The service has non-exclusive use of your content,1,1
Privacy Policy,The service informs you that its privacy policy does not apply to third party websites,1,55
Privacy Policy,The service is not responsible for linked or (clearly) quoted content from third-party content providers,0,7
Privacy Policy,The service is not transparent regarding government requests or inquiries that may involve your data. ,0,1
Privacy Policy,The service is open-source,0,8
Privacy Policy,The service is provided 'as is' and to be used at your sole risk,0,5
Privacy Policy,The service is transparent regarding government requests or inquiries that may involve your data.,1,7
Privacy Policy,"The service may keep a secure, anonymized record of your data for analytical purposes even after the data retention period",1,20
Privacy Policy,The service promises to inform and/or notify you regarding government inquiries that may involve your personal data,1,17
Privacy Policy,"The service provider makes no warranty regarding uninterrupted, timely, secure or error-free service",0,4
Privacy Policy,The service reviews its privacy policy on a regular basis,0,17
Privacy Policy,The service will only respond to government requests that are reasonable,1,25
Privacy Policy,The service will resist legal requests for your information where reasonably possible,1,6
Privacy Policy,The terms for this service are easy to read,0,13
Privacy Policy,The terms for this service are translated into different languages,0,8
Privacy Policy,"The terms may be changed at any time, but you will receive notification of the changes",0,17
Privacy Policy,There is a date of the last update of the agreements,0,91
Privacy Policy,They may stop providing the service at any time,0,5
Privacy Policy,They store data on you even if you did not interact with the service,1,10
Privacy Policy,Third parties are involved in operating the service,1,91
Privacy Policy,Third parties are not allowed to access your personal information without a legal basis,1,16
Privacy Policy,Third parties used by the service are bound by confidentiality obligations,1,60
Privacy Policy,"Third party cookies are employed, but with opt out instructions",1,21
Privacy Policy,Third-party cookies are used for advertising,1,83
Privacy Policy,Third-party cookies are used for statistics,1,108
Privacy Policy,This Service provides a list of Third Parties involved in its operation.,0,14
Privacy Policy,This service assumes no liability for any losses or damages resulting from any matter relating to the service,0,5
Privacy Policy,This service assumes no liability for unauthorized access to your personal information,1,2
Privacy Policy,This service assumes no responsibility and liability for the contents of links to other websites,0,10
Privacy Policy,This service can use your content for all their existing and future services,1,2
Privacy Policy,"This service does not collect, use, or share location data",1,7
Privacy Policy,This service does not condone any ideas contained in its user-generated contents,0,2
Privacy Policy,This service does not guarantee that it or the products obtained through it meet your expectations or requirements,0,1
Privacy Policy,This service gives your personal data to third parties involved in its operation,1,133
Privacy Policy,This service holds onto content that you've deleted,1,11
Privacy Policy,This service informs you that its Terms of Service does not apply to third party websites,0,6
Privacy Policy,This service is a subsidiary of Company X,0,7
Privacy Policy,This service is only available for commercial use,0,1
Privacy Policy,This service is only available for use individually and non-commercially.,0,2
Privacy Policy,This service is only available to users over a certain age,0,39
Privacy Policy,"This service may collect, use, and share location data",1,54
Privacy Policy,"This service offers a symbolic but nonbinding statement about a matter of opinion, ethics, society, or politics",0,3
Privacy Policy,This service provides a way for you to export your data,1,6
Privacy Policy,This service receives your precise location through GPS coordinates,1,38
Privacy Policy,This service retains rights to your content even after you stop using your account,1,3
Privacy Policy,This service shares your personal data with third parties that are not essential to its operation,1,66
Privacy Policy,This service still tracks you even if you opted out from tracking,1,3
Privacy Policy,This service tracks which web page referred you to it,1,77
Privacy Policy,This service tracks you on other websites,1,23
Privacy Policy,This service will continue using anonymized user-generated content after erasure of personal information,1,1
Privacy Policy,Tracking cookies refused will not limit your ability to use the service,1,8
Privacy Policy,Tracking pixels are used in service-to-user communication,1,31
Privacy Policy,Two factor authentication is provided for your account,1,8
Privacy Policy,User accounts can be terminated after having been in breach of the terms of service repeatedly,0,1
Privacy Policy,User suspension from the service will be fair and proportionate.,0,1
Privacy Policy,"User-generated content is encrypted, and this service cannot decrypt it",1,9
Privacy Policy,Usernames can be rejected or changed for any reason,0,1
Privacy Policy,Voice data is collected and shared with third-parties,1,7
Privacy Policy,"When the service wants to change its terms, you are notified a week or more in advance.",0,3
Privacy Policy,"When the service wants to make a material change to its terms, you are notified at least 30 days in advance",0,9
Privacy Policy,"You agree not to submit libelous, harassing or threatening content",0,1
Privacy Policy,You agree not to use the service for illegal purposes,0,4
Privacy Policy,"You agree to defend, indemnify, and hold the service harmless in case of a claim related to your use of the service",0,3
Privacy Policy,You are being tracked via social media cookies/pixels,1,31
Privacy Policy,You are entitled to a refund if certain thresholds or standards are not met by the service,0,1
Privacy Policy,You are forced into binding arbitration in case of disputes,0,2
Privacy Policy,You are informed about the risk of publishing personal info online,1,21
Privacy Policy,"You are not allowed to use pseudonyms, as trust and transparency between users regarding their identities is relevant to the service.",1,1
Privacy Policy,You are not being tracked,1,15
Privacy Policy,"You are prohibited from sending chain letters, junk mail, spam or any unsolicited messages",0,1
Privacy Policy,"You are responsible for any risks, damages, or losses that may incur by downloading materials",0,1
Privacy Policy,You are responsible for maintaining the security of your account and for the activities on your account,1,12
Privacy Policy,"You are tracked via web beacons, tracking pixels, browser fingerprinting, and/or device fingerprinting",1,129
Privacy Policy,You are warned of the potential consequences related to third-party access,0,5
Privacy Policy,You aren t forced into binding arbitration in case of disputes,0,1
Privacy Policy,You authorise the service to charge a credit card supplied on re-occurring basis,0,2
Privacy Policy,You can access most of the pages on the service's website without revealing any personal information,1,20
Privacy Policy,You can choose with whom you share content,1,9
Privacy Policy,You can delete your content from this service,1,24
Privacy Policy,You can limit how your information is used by third-parties and the service,1,25
Privacy Policy,You can opt out of promotional communications,0,117
Privacy Policy,You can opt out of providing personal information to third parties,1,12
Privacy Policy,You can opt out of targeted advertising,0,43
Privacy Policy,"You can request access, correction and/or deletion of your data",1,139
Privacy Policy,You can retrieve an archive of your data,1,60
Privacy Policy,You can t close your account if an investigation is ongoing,1,1
Privacy Policy,You cannot delete your account of this service,1,1
Privacy Policy,"You cannot delete your contributions, but it makes sense for this service",1,3
Privacy Policy,You cannot distribute or disclose your account to third parties,1,1
Privacy Policy,You have the right to leave this service at any time,0,28
Privacy Policy,You maintain ownership of your content,1,5
Privacy Policy,You must create an account to use this service,1,3
Privacy Policy,You must provide your identifiable information,1,6
Privacy Policy,"You must provide your legal name, pseudonyms are not allowed",1,11
Privacy Policy,You must report to the service any unauthorized use of your account or any breach of security,1,7
Privacy Policy,You shall not interfere with another person's enjoyment of the service,1,1
Privacy Policy,"You should revisit the terms periodically, although in case of material changes, the service will notify",0,33
Privacy Policy,You will be notified about website maintenance,0,2
Privacy Policy,You will be notified if personal data has been affected by data breaches,1,19
Privacy Policy,"Your IP address is collected, which can be used to view your approximate location",1,154
Privacy Policy,Your Personal data may be sold unless you opt out,1,25
Privacy Policy,Your account can be deleted without prior notice and without a reason,0,5
Privacy Policy,Your account can be suspended for several reasons,0,4
Privacy Policy,Your biometric data is collected,1,14
Privacy Policy,Your browser's Do Not Track (DNT) headers are respected,1,12
Privacy Policy,Your browsing history can be viewed by the service,1,5
Privacy Policy,Your content can be deleted if you violate the terms,0,2
Privacy Policy,Your data is processed and stored in a country that is friendlier to user privacy protection,1,5
Privacy Policy,Your data is processed and stored in a country that is less friendly to user privacy protection,1,17
Privacy Policy,Your data may be processed and stored anywhere in the world,1,76
Privacy Policy,Your feedback is invited regarding changes to the terms.,0,5
Privacy Policy,Your identity is used in ads that are shown to other users,1,2
Privacy Policy,Your information is only shared with third parties when given specific consent,1,13
Privacy Policy,Your personal data is aggregated into statistics,1,73
Privacy Policy,Your personal data is not shared with third parties,1,18
Privacy Policy,Your personal data is not sold,1,88
Privacy Policy,Your personal data is used for advertising,1,61
Privacy Policy,"Your personal data is used for automated decision-making, profiling or AI training",1,2
Privacy Policy,Your personal data is used for limited purposes,1,36
Privacy Policy,Your personal data is used to employ targeted third-party advertising,1,66
Privacy Policy,Your personal data may be disclosed to comply with government requests without notice to you,1,62
Privacy Policy,Your personal data may be sold or otherwise transferred as part of a bankruptcy proceeding or other type of financial transaction,1,117
Privacy Policy,Your personal data may be used for marketing purposes,1,99
Privacy Policy,Your personal data will not be used for an automated decision-making,1,11
Privacy Policy,Your personal information is used for many different purposes,1,30
Privacy Policy,Your private content may be accessed by people working for the service,1,11
Privacy Policy,Your profile is combined across various products,1,44
Privacy Policy,Your provided identifiable information is actively checked by the service,1,5
Privacy Policy,Your use is throttled,0,1
Terms of Service,30 days of notice are given before closing your account,0,7
Terms of Service,A free help desk is provided,0,9
Terms of Service,A license is kept on user-generated content even after you close your account,1,35
Terms of Service,Accessibility to this service is guaranteed at 99% or more,0,1
Terms of Service,Alternative accounts are not allowed,1,15
Terms of Service,An anonymous payment method is offered,1,6
Terms of Service,An onion site accessible over Tor is provided,1,1
Terms of Service,Any liability on behalf of the service is only limited to the fees you paid as a user,0,66
Terms of Service,Archives of their agreements are provided so that changes can be viewed over time,0,17
Terms of Service,Blocking first party cookies may limit your ability to use the service,1,5
Terms of Service,"Conditions may change, but your continued acceptance is not inferred from an earlier acceptance",0,3
Terms of Service,Content is published under a free license instead of a bilateral one,1,3
Terms of Service,Content you post may be edited by the service for any reason,1,9
Terms of Service,Copyright license limited for the purposes of that same service but transferable and sublicenseable,1,17
Terms of Service,Critical changes to the terms are made without user involvement,0,5
Terms of Service,"Defend, indemnify, hold harmless; survives termination",0,32
Terms of Service,Failure to enforce any provision of the Terms of Service does not constitute a waiver of such provision,0,77
Terms of Service,Features of the website are made available under a free software license,0,3
Terms of Service,First-party cookies are used,1,6
Terms of Service,Harming minors in any ways is prohibited,0,8
Terms of Service,"If you are the target of a copyright claim, your content may be removed",0,24
Terms of Service,"If you are the target of a copyright holder's take down notice, this service gives you the opportunity to defend yourself",0,8
Terms of Service,"If you offer suggestions to the service, they become the owner of the ideas that you give them",0,19
Terms of Service,"If you offer suggestions to the service, they may use that without your approval or compensation, but they do not become the owner",0,28
Terms of Service,Information is gathered about you through third parties,1,1
Terms of Service,Information is provided about how your personal data is used,1,1
Terms of Service,Information is provided about security practices,1,4
Terms of Service,Information is provided about what kind of information they collect,1,3
Terms of Service,"Instead of asking directly, this Service will assume your consent merely from your usage.",0,84
Terms of Service,Instructions are provided on how to submit a copyright claim,0,44
Terms of Service,Invalidity of any portion of the Terms of Service does not entail invalidity of its remainder,0,88
Terms of Service,Logs are deleted after a finite period of time,1,2
Terms of Service,Logs are kept for an undefined period of time,1,1
Terms of Service,Many different types of personal data are collected,1,1
Terms of Service,Many third parties are involved in operating the service,1,4
Terms of Service,Minors must have the authorization of their legal guardians to use the service,0,24
Terms of Service,No guarantee is given regarding quality,0,17
Terms of Service,No need to register,0,7
Terms of Service,No third-party analytics or tracking platforms are used,1,1
Terms of Service,Only for your individual use,0,2
Terms of Service,Only necessary logs are kept by the service to ensure quality,1,2
Terms of Service,"Other applicable rules, terms, conditions or guidelines",0,26
Terms of Service,"Per the service's terms, you may not express negative opinions about them",0,12
Terms of Service,Political discussions or campaining are prohibited,0,3
Terms of Service,Political discussions which are against the government-advocated value are prohibited,0,2
Terms of Service,"Prices and fees may be changed at any time, without notice to you",0,10
Terms of Service,Private messages can be read,1,7
Terms of Service,Promises will be kept after a merger or acquisition,0,1
Terms of Service,Pseudonyms are allowed,1,11
Terms of Service,Security incidents are reported to the authorities,1,1
Terms of Service,Sensitive data is collected and shared to target advertising,1,1
Terms of Service,Separate policies are employed for different parts of the service,0,3
Terms of Service,Service fines users for Terms of Service violations,0,2
Terms of Service,Some personal data may be kept for business interests or legal obligations,1,4
Terms of Service,Specific content can be deleted without reason and may be removed without prior notice,1,63
Terms of Service,"Spidering, crawling, or accessing the site through any automated means is not allowed",0,70
Terms of Service,"Terms may be changed any time at their discretion, without notice to you ",0,95
Terms of Service,The copyright license maintained by the service over your data and/or content is broader than necessary.,1,3
Terms of Service,The copyright license that you grant this service is limited to the parties that make up the service's broader platform.,0,7
Terms of Service,The court of law governing the terms is in a jurisdiction that is friendlier to user privacy protection.,1,32
Terms of Service,The court of law governing the terms is in a jurisdiction that is less friendly to user privacy protection.,1,34
Terms of Service,The court of law governing the terms is in location X,1,120
Terms of Service,The data retention period is kept to the minimum necessary for fulfilling its purposes,1,2
Terms of Service,The policy refers to documents that are missing or unfindable,1,1
Terms of Service,The posting of pornographic content is prohibited,1,59
Terms of Service,The publishing of personally identifiable information without the owner s consent is not allowed,1,22
Terms of Service,The service can intervene in user disputes,0,6
Terms of Service,The service claims to be CCPA compliant for California users,0,2
Terms of Service,The service claims to be GDPR compliant for European users,0,4
Terms of Service,The service disables software that you are not licensed to use.,0,2
Terms of Service,The service does not guarantee accuracy or reliability of the information provided,0,95
Terms of Service,The service does not guarantee that software errors will be corrected,0,38
Terms of Service,The service has a no refund policy,0,29
Terms of Service,The service has non-exclusive use of your content,1,50
Terms of Service,The service informs you that its privacy policy does not apply to third party websites,1,6
Terms of Service,The service is not responsible for linked or (clearly) quoted content from third-party content providers,0,37
Terms of Service,The service is only available in some countries approved by its government,0,23
Terms of Service,The service is open-source,0,2
Terms of Service,The service is provided 'as is' and to be used at your sole risk,0,175
Terms of Service,The service is transparent regarding government requests or inquiries that may involve your data.,1,2
Terms of Service,"The service may keep a secure, anonymized record of your data for analytical purposes even after the data retention period",1,1
Terms of Service,The service promises to inform and/or notify you regarding government inquiries that may involve your personal data,1,2
Terms of Service,"The service provider makes no warranty regarding uninterrupted, timely, secure or error-free service",0,122
Terms of Service,The service suspends your account after inactivity for a certain or uncertain time,1,4
Terms of Service,The service will only respond to government requests that are reasonable,1,1
Terms of Service,The service will resist legal requests for your information where reasonably possible,1,1
Terms of Service,The terms for this service are easy to read,0,8
Terms of Service,The terms for this service are translated into different languages,0,12
Terms of Service,"The terms may be changed at any time, but you will receive notification of the changes",0,42
Terms of Service,There is a date of the last update of the agreements,0,142
Terms of Service,They may stop providing the service at any time,0,81
Terms of Service,Third parties are involved in operating the service,1,15
Terms of Service,Third parties used by the service are bound by confidentiality obligations,1,1
Terms of Service,"Third party cookies are employed, but with opt out instructions",1,1
Terms of Service,Third-party cookies are used for advertising,1,4
Terms of Service,Third-party cookies are used for statistics,1,5
Terms of Service,This Service provides a list of Third Parties involved in its operation.,0,1
Terms of Service,This service assumes no liability for any losses or damages resulting from any matter relating to the service,0,116
Terms of Service,This service assumes no liability for unauthorized access to your personal information,1,15
Terms of Service,This service assumes no responsibility and liability for the contents of links to other websites,0,48
Terms of Service,This service can use your content for all their existing and future services,1,13
Terms of Service,This service cannot be held responsible for disputes that you may have with other users,0,14
Terms of Service,This service does not condone any ideas contained in its user-generated contents,0,42
Terms of Service,This service does not guarantee that it or the products obtained through it meet your expectations or requirements,0,94
Terms of Service,This service fines spammers,0,1
Terms of Service,This service gives your personal data to third parties involved in its operation,1,8
Terms of Service,This service has a no refund policy with some exceptions,0,21
Terms of Service,This service holds onto content that you've deleted,1,10
Terms of Service,This service informs you that its Terms of Service does not apply to third party websites,0,13
Terms of Service,This service is only available for commercial use,0,1
Terms of Service,This service is only available for use individually and non-commercially.,0,63
Terms of Service,This service is only available to users over a certain age,0,143
Terms of Service,"This service may collect, use, and share location data",1,4
Terms of Service,"This service offers a symbolic but nonbinding statement about a matter of opinion, ethics, society, or politics",0,2
Terms of Service,This service receives your precise location through GPS coordinates,1,1
Terms of Service,This service retains rights to your content even after you stop using your account,1,6
Terms of Service,This service shares your personal data with third parties that are not essential to its operation,1,1
Terms of Service,This service still tracks you even if you opted out from tracking,1,1
Terms of Service,This service takes credit for your content,0,1
Terms of Service,This service tracks which web page referred you to it,1,1
Terms of Service,This service will continue using anonymized user-generated content after erasure of personal information,1,2
Terms of Service,Tracking cookies refused will not limit your ability to use the service,1,1
Terms of Service,Two factor authentication is provided for your account,1,5
Terms of Service,User accounts can be terminated after having been in breach of the terms of service repeatedly,0,34
Terms of Service,User suspension from the service will be fair and proportionate.,0,5
Terms of Service,User-generated content can be blocked or censored for any reason,0,10
Terms of Service,"User-generated content is encrypted, and this service cannot decrypt it",1,11
Terms of Service,Usernames can be rejected or changed for any reason,0,14
Terms of Service,Users who have been permanently banned from this service are not allowed to re-register under a new account,0,17
Terms of Service,"When the service wants to change its terms, you are notified a week or more in advance.",0,8
Terms of Service,"When the service wants to make a material change to its terms, you are notified at least 30 days in advance",0,10
Terms of Service,You agree not to submit illegal content,0,14
Terms of Service,"You agree not to submit libelous, harassing or threatening content",0,87
Terms of Service,You agree not to use the service for illegal purposes,0,102
Terms of Service,You agree to comply with the law of the service's country,0,20
Terms of Service,"You agree to defend, indemnify, and hold the service harmless in case of a claim related to your use of the service",0,111
Terms of Service,You agree to indemnify and hold the service harmless in case of a claim related to your use of the service,0,31
Terms of Service,You are allowed to quote their content with attribution,0,1
Terms of Service,You are being tracked via social media cookies/pixels,1,2
Terms of Service,You are entitled to a refund if certain thresholds or standards are not met by the service,0,12
Terms of Service,You are forced into binding arbitration in case of disputes,0,70
Terms of Service,You are free to choose the type of copyright license that you want to use over your content,1,3
Terms of Service,You are informed about the risk of publishing personal info online,1,6
Terms of Service,"You are not allowed to use pseudonyms, as trust and transparency between users regarding their identities is relevant to the service.",1,10
Terms of Service,You are not being tracked,1,2
Terms of Service,You are prohibited from attempting to gain unauthorized access to other computer systems,1,38
Terms of Service,You are prohibited from posting content which promotes violence or politically or religiously extremist values.,0,28
Terms of Service,"You are prohibited from sending chain letters, junk mail, spam or any unsolicited messages",0,79
Terms of Service,"You are responsible for any risks, damages, or losses that may incur by downloading materials",0,30
Terms of Service,You are responsible for maintaining the security of your account and for the activities on your account,1,129
Terms of Service,"You are tracked via web beacons, tracking pixels, browser fingerprinting, and/or device fingerprinting",1,5
Terms of Service,You are warned of the potential consequences related to third-party access,0,4
Terms of Service,You aren t allowed to publicly post private messages,1,5
Terms of Service,You aren t allowed to remove or edit user-generated content,1,2
Terms of Service,You aren t forced into binding arbitration in case of disputes,0,18
Terms of Service,You authorise the service to charge a credit card supplied on re-occurring basis,0,43
Terms of Service,You can access most of the pages on the service's website without revealing any personal information,1,1
Terms of Service,You can choose the copyright license,0,2
Terms of Service,You can choose with whom you share content,1,2
Terms of Service,You can delete your content from this service,1,11
Terms of Service,You can opt out of promotional communications,0,9
Terms of Service,"You can request access, correction and/or deletion of your data",1,4
Terms of Service,You can retrieve an archive of your data,1,3
Terms of Service,"You can scrape the site, as long as it doesn't impact the server too much",0,2
Terms of Service,"You cannot delete your contributions, but it makes sense for this service",1,4
Terms of Service,You cannot distribute or disclose your account to third parties,1,36
Terms of Service,You cannot opt out of promotional communications,0,2
Terms of Service,You have a reduced time period to take legal action against the service,0,32
Terms of Service,You have the right to leave this service at any time,0,80
Terms of Service,You maintain ownership of your content,1,80
Terms of Service,You must create an account to use this service,1,34
Terms of Service,You must provide your identifiable information,1,12
Terms of Service,"You must provide your legal name, pseudonyms are not allowed",1,14
Terms of Service,You must report to the service any unauthorized use of your account or any breach of security,1,63
Terms of Service,You shall not interfere with another person's enjoyment of the service,1,31
Terms of Service,"You should revisit the terms periodically, although in case of material changes, the service will notify",0,26
Terms of Service,You waive your moral rights,1,18
Terms of Service,You waive your right to a class action.,0,70
Terms of Service,You will be notified about website maintenance,0,8
Terms of Service,You will be notified if personal data has been affected by data breaches,1,3
Terms of Service,"Your IP address is collected, which can be used to view your approximate location",1,9
Terms of Service,Your account can be deleted without prior notice and without a reason,0,129
Terms of Service,Your account can be suspended for several reasons,0,58
Terms of Service,Your biometric data is collected,1,3
Terms of Service,Your browser's Do Not Track (DNT) headers are respected,1,1
Terms of Service,Your content can be deleted if you violate the terms,0,34
Terms of Service,Your content can be distributed through any media known now or in the future,1,41
Terms of Service,Your content can be licensed to third parties,1,36
Terms of Service,Your data is processed and stored in a country that is friendlier to user privacy protection,1,2
Terms of Service,Your data is processed and stored in a country that is less friendly to user privacy protection,1,1
Terms of Service,Your data may be processed and stored anywhere in the world,1,5
Terms of Service,Your feedback is invited regarding changes to the terms.,0,10
Terms of Service,Your identity is used in ads that are shown to other users,1,6
Terms of Service,Your information is only shared with third parties when given specific consent,1,1
Terms of Service,Your personal data is aggregated into statistics,1,1
Terms of Service,Your personal data is not shared with third parties,1,3
Terms of Service,Your personal data is not sold,1,8
Terms of Service,Your personal data is used for advertising,1,3
Terms of Service,Your personal data is used for limited purposes,1,2
Terms of Service,Your personal data may be disclosed to comply with government requests without notice to you,1,17
Terms of Service,Your personal data may be sold or otherwise transferred as part of a bankruptcy proceeding or other type of financial transaction,1,5
Terms of Service,Your personal data may be used for marketing purposes,1,5
Terms of Service,Your personal information is used for many different purposes,1,1
Terms of Service,Your private content may be accessed by people working for the service,1,4
Terms of Service,Your profile is combined across various products,1,1
Terms of Service,Your provided identifiable information is actively checked by the service,1,1
Terms of Service,Your use is throttled,0,22
Terms of Service,very broad,0,1
Unknown Policy,30 days of notice are given before closing your account,0,2
Unknown Policy,A free help desk is provided,0,1
Unknown Policy,A license is kept on user-generated content even after you close your account,1,2
Unknown Policy,Alternative accounts are not allowed,1,3
Unknown Policy,Any liability on behalf of the service is only limited to the fees you paid as a user,0,2
Unknown Policy,Content is published under a free license instead of a bilateral one,1,3
Unknown Policy,Content you post may be edited by the service for any reason,1,1
Unknown Policy,"Defend, indemnify, hold harmless; survives termination",0,1
Unknown Policy,Do Not Track (DNT) headers are ignored and you are tracked anyway even if you set this header.,1,1
Unknown Policy,Failure to enforce any provision of the Terms of Service does not constitute a waiver of such provision,0,1
Unknown Policy,Features of the website are made available under a free software license,0,5
Unknown Policy,First-party cookies are used,1,1
Unknown Policy,"If you are the target of a copyright claim, your content may be removed",0,6
Unknown Policy,"If you are the target of a copyright holder's take down notice, this service gives you the opportunity to defend yourself",0,8
Unknown Policy,Information is gathered about you through third parties,1,1
Unknown Policy,Information is provided about security practices,1,2
Unknown Policy,Information is provided about what kind of information they collect,1,1
Unknown Policy,"Instead of asking directly, this Service will assume your consent merely from your usage.",0,5
Unknown Policy,Instructions are provided on how to submit a copyright claim,0,8
Unknown Policy,Invalidity of any portion of the Terms of Service does not entail invalidity of its remainder,0,2
Unknown Policy,Logs are deleted after a finite period of time,1,1
Unknown Policy,Many third parties are involved in operating the service,1,1
Unknown Policy,No guarantee is given regarding quality,0,1
Unknown Policy,No need to register,0,1
Unknown Policy,No third-party analytics or tracking platforms are used,1,1
Unknown Policy,Only necessary logs are kept by the service to ensure quality,1,1
Unknown Policy,"Other applicable rules, terms, conditions or guidelines",0,4
Unknown Policy,Political discussions or campaining are prohibited,0,2
Unknown Policy,Pseudonyms are allowed,1,2
Unknown Policy,Separate policies are employed for different parts of the service,0,1
Unknown Policy,Specific content can be deleted without reason and may be removed without prior notice,1,4
Unknown Policy,"Spidering, crawling, or accessing the site through any automated means is not allowed",0,2
Unknown Policy,"Terms may be changed any time at their discretion, without notice to you ",0,4
Unknown Policy,The court of law governing the terms is in a jurisdiction that is friendlier to user privacy protection.,1,2
Unknown Policy,The court of law governing the terms is in location X,1,4
Unknown Policy,The data retention period is kept to the minimum necessary for fulfilling its purposes,1,1
Unknown Policy,The posting of pornographic content is prohibited,1,6
Unknown Policy,The publishing of personally identifiable information without the owner s consent is not allowed,1,3
Unknown Policy,The service claims to be GDPR compliant for European users,0,1
Unknown Policy,The service disables software that you are not licensed to use.,0,1
Unknown Policy,The service does not guarantee accuracy or reliability of the information provided,0,4
Unknown Policy,The service has a no refund policy,0,1
Unknown Policy,The service has non-exclusive use of your content,1,2
Unknown Policy,The service informs you that its privacy policy does not apply to third party websites,1,1
Unknown Policy,The service is only available in some countries approved by its government,0,1
Unknown Policy,The service is open-source,0,4
Unknown Policy,The service is provided 'as is' and to be used at your sole risk,0,10
Unknown Policy,The service is transparent regarding government requests or inquiries that may involve your data.,1,1
Unknown Policy,The service promises to inform and/or notify you regarding government inquiries that may involve your personal data,1,1
Unknown Policy,"The service provider makes no warranty regarding uninterrupted, timely, secure or error-free service",0,7
Unknown Policy,The service will only respond to government requests that are reasonable,1,1
Unknown Policy,The service will resist legal requests for your information where reasonably possible,1,1
Unknown Policy,"The terms may be changed at any time, but you will receive notification of the changes",0,2
Unknown Policy,There is a date of the last update of the agreements,0,5
Unknown Policy,They may stop providing the service at any time,0,4
Unknown Policy,Third parties are involved in operating the service,1,2
Unknown Policy,Third parties are not allowed to access your personal information without a legal basis,1,2
Unknown Policy,Third-party cookies are used for advertising,1,2
Unknown Policy,Third-party cookies are used for statistics,1,1
Unknown Policy,This service assumes no liability for any losses or damages resulting from any matter relating to the service,0,9
Unknown Policy,This service assumes no responsibility and liability for the contents of links to other websites,0,4
Unknown Policy,This service can use your content for all their existing and future services,1,2
Unknown Policy,This service cannot be held responsible for disputes that you may have with other users,0,1
Unknown Policy,This service does not guarantee that it or the products obtained through it meet your expectations or requirements,0,7
Unknown Policy,This service gives your personal data to third parties involved in its operation,1,1
Unknown Policy,This service informs you that its Terms of Service does not apply to third party websites,0,1
Unknown Policy,This service is only available for use individually and non-commercially.,0,4
Unknown Policy,This service is only available to users over a certain age,0,7
Unknown Policy,"This service offers a symbolic but nonbinding statement about a matter of opinion, ethics, society, or politics",0,1
Unknown Policy,This service shares your personal data with third parties that are not essential to its operation,1,2
Unknown Policy,This service still tracks you even if you opted out from tracking,1,1
Unknown Policy,This service tracks you on other websites,1,2
Unknown Policy,Tracking cookies refused will not limit your ability to use the service,1,1
Unknown Policy,Two factor authentication is provided for your account,1,4
Unknown Policy,User accounts can be terminated after having been in breach of the terms of service repeatedly,0,9
Unknown Policy,User-generated content can be blocked or censored for any reason,0,2
Unknown Policy,"User-generated content is encrypted, and this service cannot decrypt it",1,1
Unknown Policy,Usernames can be rejected or changed for any reason,0,1
Unknown Policy,Users who have been permanently banned from this service are not allowed to re-register under a new account,0,1
Unknown Policy,Voice data is collected and shared with third-parties,1,1
Unknown Policy,"When the service wants to change its terms, you are notified a week or more in advance.",0,2
Unknown Policy,"When the service wants to make a material change to its terms, you are notified at least 30 days in advance",0,2
Unknown Policy,You agree not to submit illegal content,0,2
Unknown Policy,"You agree not to submit libelous, harassing or threatening content",0,13
Unknown Policy,You agree not to use the service for illegal purposes,0,10
Unknown Policy,You agree to comply with the law of the service's country,0,1
Unknown Policy,"You agree to defend, indemnify, and hold the service harmless in case of a claim related to your use of the service",0,7
Unknown Policy,You agree to indemnify and hold the service harmless in case of a claim related to your use of the service,0,1
Unknown Policy,You are allowed to quote their content with attribution,0,2
Unknown Policy,You are entitled to a refund if certain thresholds or standards are not met by the service,0,4
Unknown Policy,You are forced into binding arbitration in case of disputes,0,7
Unknown Policy,You are free to choose the type of copyright license that you want to use over your content,1,1
Unknown Policy,"You are not allowed to use pseudonyms, as trust and transparency between users regarding their identities is relevant to the service.",1,1
Unknown Policy,You are not being tracked,1,1
Unknown Policy,You are prohibited from attempting to gain unauthorized access to other computer systems,1,4
Unknown Policy,You are prohibited from posting content which promotes violence or politically or religiously extremist values.,0,6
Unknown Policy,"You are prohibited from sending chain letters, junk mail, spam or any unsolicited messages",0,8
Unknown Policy,"You are responsible for any risks, damages, or losses that may incur by downloading materials",0,1
Unknown Policy,You are responsible for maintaining the security of your account and for the activities on your account,1,9
Unknown Policy,"You are tracked via web beacons, tracking pixels, browser fingerprinting, and/or device fingerprinting",1,1
Unknown Policy,You aren t allowed to publicly post private messages,1,1
Unknown Policy,You aren t forced into binding arbitration in case of disputes,0,1
Unknown Policy,You authorise the service to charge a credit card supplied on re-occurring basis,0,2
Unknown Policy,You can opt out of targeted advertising,0,2
Unknown Policy,"You can request access, correction and/or deletion of your data",1,1
Unknown Policy,You can retrieve an archive of your data,1,1
Unknown Policy,You can t close your account if an investigation is ongoing,1,1
Unknown Policy,You have a reduced time period to take legal action against the service,0,1
Unknown Policy,You have the right to leave this service at any time,0,6
Unknown Policy,You maintain ownership of your content,1,4
Unknown Policy,You must create an account to use this service,1,3
Unknown Policy,"You must provide your legal name, pseudonyms are not allowed",1,1
Unknown Policy,You must report to the service any unauthorized use of your account or any breach of security,1,1
Unknown Policy,You shall not interfere with another person's enjoyment of the service,1,4
Unknown Policy,"You should revisit the terms periodically, although in case of material changes, the service will notify",0,1
Unknown Policy,You waive your moral rights,1,3
Unknown Policy,You waive your right to a class action.,0,6
Unknown Policy,You will be notified about website maintenance,0,1
Unknown Policy,You will be notified if personal data has been affected by data breaches,1,1
Unknown Policy,"Your IP address is collected, which can be used to view your approximate location",1,1
Unknown Policy,Your Personal data may be sold unless you opt out,1,2
Unknown Policy,Your account can be deleted without prior notice and without a reason,0,5
Unknown Policy,Your account can be suspended for several reasons,0,3
Unknown Policy,Your browser's Do Not Track (DNT) headers are respected,1,1
Unknown Policy,Your content can be deleted if you violate the terms,0,2
Unknown Policy,Your content can be distributed through any media known now or in the future,1,1
Unknown Policy,Your content can be licensed to third parties,1,3
Unknown Policy,Your data is processed and stored in a country that is less friendly to user privacy protection,1,1
Unknown Policy,Your information is only shared with third parties when given specific consent,1,1
Unknown Policy,Your personal data is not shared with third parties,1,1
Unknown Policy,Your personal data is not sold,1,1
Unknown Policy,Your personal data is used for advertising,1,1
Unknown Policy,Your personal data is used to employ targeted third-party advertising,1,1
Unknown Policy,Your provided identifiable information is actively checked by the service,1,2
