Service,Frequency
iFunny,80
Instagram,73
Crunchyroll,72
Brilliant,71
Merriam-Webster,69
Gettr,67
Twitch,65
DoorDash,65
Alibaba,62
HP | Hewlett-Packard,62
Cisco,61
LinkedIn,60
CodeSandbox,59
Strava,58
Discovery,57
Enpass,55
Artspace,55
Shopify,54
xda-developers,53
LBRY,53
Burger King,53
SpanishDict,53
Meredith,52
PayPal,51
Element,51
Redbubble,49
ClassDojo,49
Getty Images,48
Coinbase,48
Tumblr,46
edX,45
Washington Post,44
Never Install,44
VKontakte,44
Tinder,42
Fandango,42
HideMyAss!,42
Wattpad,41
Netflix,41
Adobe Services,41
SourceForge,41
FileFactory,40
Opera,40
Remind,40
Bandcamp,39
Symbaloo,39
Audacity,38
Malwarebytes,38
FaceApp,38
The Hershey Company,38
Consumer News & Business Channel,38
Khan Academy,37
ADT,37
matrix.org,37
Wickr Me,37
NBC News,36
Eltiempo.es,36
Rakuten,36
WordArt,36
Firefox Cloud Services,35
BitPay,35
Credit Karma,35
Vox Media,35
Translate,35
Orange,35
Prezi,34
ExpressVPN,34
Stingle Photos,34
Amazon Prime Video,34
Pure Dating,34
Wolt,33
Wallapop,33
Heaven HR,33
Goodreads,33
Schoology,33
Pexgle,33
Tripadvisor,33
Line Corporation,33
XE.com,33
Ting Inc.,32
Bing,32
eBuddy,32
Amazon AWS,32
WeatherBug ,31
Microsoft Services,31
Guiding Tech,31
Veepn,31
V.H. Hess,31
Team SDS,30
CNED,30
Flipboard,30
webmail,30
WhatsApp,30
Medium,30
MySudo,30
Chegg,30
Simply Earth,30
Healthline,29
Wise,29
OneSignal,29
Urban Dictionary,29
Campfire Writing,29
Arch Linux,29
TikTok,29
Nvidia,29
F-List,29
Discogs,29
Busuu,29
Instabridge,28
MeWe,28
Cakey Bot,28
SoloLearn,28
Bereal,28
Figma,27
Quora,27
YouGov,27
Unilever,27
Ziff Davis,27
SC Johnson,27
Foursquare,27
t2bot.io,27
ASKfm,27
Monero,27
Tresorit,26
STiBaRC,26
MobyGames,26
IKEA,26
Xiaomi,26
Forbes,26
BFM TV,26
CouchSurfing,26
Session,25
Mailfence,25
Just Eat,25
Free Code Camp,25
Zoom Video Communications,25
BitChute,25
Linksys,25
UptimeRobot,25
FanFiction,25
Vimeo,25
ISODME,25
Tubi,24
WikiTree,24
How-To Geek,24
Reuters,24
Brax.Me,24
Ableton,24
Disqus,24
GlobaliD,24
Proton AG,24
Spotify,24
pCloud,24
Huawei,23
BitDefender,23
Letterboxd,23
Profilic,23
Zoho,23
BandLab,23
InfinityFree,23
Ryver,23
Ubisoft,23
Royal Road,23
Marmiton,23
SparkNotes,22
Cloudflare,22
Bitly,22
Astronomer,22
Open Collective,22
CounterMail,22
Nerdist,22
Crowdmark,22
WordPress.org,22
AnonAddy,22
Flickr,22
Alzforum,22
Top GG,22
Google Analytics,22
BlaBlaCar,21
Medscape,21
Wikipedia,21
Goose VPN,21
CollegeBoard,21
The MOD Archive,21
Turnitin,21
SmartNews,21
Canva,21
mastodon.social,21
Listudy,21
Adventurer's Codex,21
Fandom,21
Brainly,21
Wishlist,21
Vercel,21
Gap Creek Media,20
Bitwarden,20
Yello,20
Ouigo,20
BlueStacks,20
Leetify,20
supabase,20
Amnesty International Limited (UK),20
CyberGhost,20
IDrive,20
Lichess,20
miHoYo,20
OpenAI,20
Waze,20
10minutemail,20
23andMe,20
iCloud,20
Microspot,19
Taskade,19
Metacafe,19
BudgetBakers,19
ePlus Technology,19
Enphase,19
Amazon,19
BBC,19
OpenStreetMap,19
scribe,19
Hulu,19
Privacy Guides,19
Wordpress.com,19
Archive of Our Own,19
Pornhub,19
Apple Services,19
Transit,19
KidzSearch,19
Vidble,19
Creative Commons,19
Anydesk,19
Orchid VPN,18
Weblate,18
IVPN,18
Internet Archive,18
Signal,18
Roadtrip Nation,18
Cryptee,18
Uber,18
BlueMail,18
Snapchat,18
Trader Joe's,18
Diario AS,18
Disroot,18
Jsbin,18
Canvas,18
Salad,18
Metager,18
Privacy.com,18
NewPipe,18
FamilyTreeDNA,17
Free,17
MyAnimeList,17
Open Humans,17
Duolingo,17
ThisNew,17
CCleaner,17
Headspace,17
MIT App Inventor,17
The Weather Channel,17
Fedora,17
VPN.AC,17
HubSpot,16
Google,16
KeyMe,16
Grammarly,16
Todoist,16
Inkscape ,16
Ecosia,16
Unity,16
Valour,16
Chess.com,16
Epic Games,16
Bumble,16
Anime Music Quiz,16
RUNALYZE,16
Common Application,16
Snopyta,16
itch.io,16
NordVPN,16
Incog.host,16
TopLogger,16
Dailymotion,16
Stack Overflow,16
Taco Time,16
IMDb,16
Gather Town,16
National Geographic,16
Amino,16
Brave,15
EthicalAds,15
DeepL,15
Google Chrome,15
Wolfram Alpha,15
TorGuard,15
ICANN,15
Roll20,15
ente.io,15
Australia Post,15
npm,15
iStudiez,15
Sync,15
Surfshark,15
Smartmessages,15
Try Hack Me,15
Bright Cellars,15
SpiderOak,15
TV Tropes,15
Staples Inc,15
Career Fair Plus,14
FreeTube,14
Scratch,14
GrubHub,14
Mailchimp,14
CryptPad,14
Waterfox,14
Booking.com,14
Samsung,14
Techlore,14
Swiss Government,14
The Filipino Channel,14
Fox News,14
Dashlane,14
WeTransfer,14
SpigotMC,14
Replika,14
Nexus Mods,14
The Walt Disney Company,14
GoDaddy,14
FastMail,14
Evernote,14
vinted,14
Phone2Action,14
Tipeee,14
Filen,14
McAfee,14
ShapeShift,14
Raindrop.io,13
Hacking with Swift,13
Gandi,13
Walmart,13
Weasyl,13
Wikiwand,13
Twitter,13
SimpleLogin,13
Kaspersky,13
Nslookup,13
VPNHub,13
Cover your Tracks,13
Cleanfox,13
Yuka,13
Wikimedia,13
SoundCloud,13
Pico,13
MuseScore,13
Cash App,13
Dropbox,13
Browserling,13
Blender,13
SCP Wiki,13
Qwant,13
Facebook,13
The Guardian,13
Monarch Money,13
Binance,13
American Red Cross,13
Security Trails,12
e-foundation,12
USSeek,12
myFRITZ!,12
Character Count Online,12
SaferVPN,12
Musik-Sammler,12
Threema Work,12
MattressFirm,12
Overleaf,12
Spark Mail,12
WinZip,12
MOBY Group,12
Toggl Track,12
Zapier,12
Fur Affinity,12
ByGabyArdigo,12
Bose,12
Fakespot,12
Atlassian,12
Waymo,12
Calyx Institute,12
Guerrilla Mail,12
Chinese Software Developer Network,12
GitLab,12
stats.fm,12
Watermark Insights,12
Tutanota,12
LastPass,12
Geneanet,12
Fotocommunity,12
SmartThings,11
Mozilla.org,11
Swisscows,11
statically,11
Miraheze,11
HideIPVPN,11
Dribbble,11
Doctolib,11
Manscaped,11
Yubico,11
Linguee,11
Women Also Know Stuff,11
Neocities,11
Kodi,11
TCRF | The Cutting Room Floor,11
Airbnb,11
Netsyms Technologies,11
Sweatcoin,11
Padlet,11
Microsoft Store,11
People For the Ethical Treatment of Animals,11
Imgur,11
SpaceHey,11
New York Times,11
CoolMathGames,11
Cloze,11
Buzzfeed,11
HackenProof,11
Okta,11
neeva,11
OP.GG,11
WordReference,11
Meetup,11
Textnow,11
Pantip.com,9
Steam China,6
