Service,Policy_name,count
10minutemail,Privacy Policy,20
23andMe,Privacy Policy,10
23andMe,Terms of Service,10
ADT,Privacy Policy,26
ADT,Terms of Service,11
ASKfm,Terms of Service,11
ASKfm,Privacy Policy,9
ASKfm,Cookie Policy,7
Ableton,Privacy Policy,12
Ableton,Unknown Policy,11
Ableton,Terms of Service,1
Adobe Services,Privacy Policy,24
Adobe Services,Terms of Service,17
Adventurer's Codex,Terms of Service,11
Adventurer's Codex,Privacy Policy,10
Airbnb,Terms of Service,6
Airbnb,Privacy Policy,3
Airbnb,Cookie Policy,2
Alibaba,Privacy Policy,31
Alibaba,Terms of Service,29
Alibaba,Unknown Policy,2
Alzforum,Terms of Service,14
Alzforum,Privacy Policy,8
Amazon,Privacy Policy,10
Amazon,Unknown Policy,6
Amazon,Terms of Service,3
Amazon AWS,Privacy Policy,17
Amazon AWS,Terms of Service,15
Amazon Prime Video,Privacy Policy,26
Amazon Prime Video,Terms of Service,5
Amazon Prime Video,Unknown Policy,3
American Red Cross,Terms of Service,13
Amino,Terms of Service,8
Amino,Privacy Policy,8
Amnesty International Limited (UK),Privacy Policy,18
Amnesty International Limited (UK),Cookie Policy,2
Anime Music Quiz,Privacy Policy,13
Anime Music Quiz,Terms of Service,3
AnonAddy,Privacy Policy,14
AnonAddy,Terms of Service,8
Anydesk,Terms of Service,18
Anydesk,Privacy Policy,1
Apple Services,Terms of Service,12
Apple Services,Privacy Policy,7
Arch Linux,Privacy Policy,21
Arch Linux,Unknown Policy,8
Archive of Our Own,Terms of Service,12
Archive of Our Own,Privacy Policy,7
Artspace,Terms of Service,28
Artspace,Privacy Policy,27
Astronomer,Privacy Policy,22
Atlassian,Cookie Policy,6
Atlassian,Privacy Policy,4
Atlassian,Unknown Policy,2
Audacity,Terms of Service,24
Audacity,Privacy Policy,14
Australia Post,Privacy Policy,8
Australia Post,Terms of Service,7
BBC,Privacy Policy,18
BBC,Terms of Service,1
BFM TV,Terms of Service,12
BFM TV,Privacy Policy,10
BFM TV,Cookie Policy,4
BandLab,Privacy Policy,14
BandLab,Terms of Service,9
Bandcamp,Terms of Service,25
Bandcamp,Privacy Policy,13
Bandcamp,Unknown Policy,1
Bereal,Terms of Service,19
Bereal,Privacy Policy,9
Binance,Privacy Policy,10
Binance,Terms of Service,3
Bing,Privacy Policy,28
Bing,Unknown Policy,4
BitChute,Terms of Service,21
BitChute,Unknown Policy,3
BitChute,Privacy Policy,1
BitDefender,Privacy Policy,23
BitPay,Terms of Service,35
Bitwarden,Terms of Service,16
Bitwarden,Privacy Policy,4
BlaBlaCar,Privacy Policy,13
BlaBlaCar,Terms of Service,6
BlaBlaCar,Cookie Policy,2
Blender,Privacy Policy,13
BlueMail,Terms of Service,10
BlueMail,Privacy Policy,8
BlueStacks,Terms of Service,12
BlueStacks,Privacy Policy,8
