Service,count
iFunny,80
Instagram,73
Crunchyroll,72
Brilliant,71
Merriam-Webster,69
Gettr,67
Twitch,65
DoorDash,65
Alibaba,62
HP | Hewlett-Packard,62
Cisco,61
LinkedIn,60
CodeSandbox,59
Strava,58
Discovery,57
Enpass,55
Artspace,55
Shopify,54
LBRY,53
Burger King,53
SpanishDict,53
xda-developers,53
Meredith,52
Element,51
PayPal,51
Redbubble,49
ClassDojo,49
Getty Images,48
Coinbase,48
Tumblr,46
edX,45
VKontakte,44
Washington Post,44
Never Install,44
Tinder,42
Fandango,42
HideMyAss!,42
Wattpad,41
Netflix,41
Adobe Services,41
SourceForge,41
Opera,40
FileFactory,40